НаселенныйПункт|106425
SecurityRightAssign|26047
Кросс_Курс_Валюты|18054
SecurityRight|16714
SecurityRightTemp|16366
ГНГ|9301
Маршрутизация_разнарядок_Парам|7220
Событие|6198
SubdivisionCodes|4714
Регион|4709
ЕТСНГ|4675
Курс_Валюты|3316
UN_Number|2762
Событие_Поля|1496
Место_обработки_грузов|1404
TEMP_T_GRUZ|1287
Банк|1161
Адрес|1147
Уведомления_Запросы|1110
Импорт_Конфигурация_Сопост|1106
UNLOCODERU|944
XLImortPlaceCargo|675
portal_usersinroles|628
Настройка|614
Потребность_Характеристики_Поля|541
Объект|521
ПланыСчетовУчета|464
Страна_Флаги|459
Тип_Документа|444
portal_audit|432
Вид_Груза_Тамож|365
portal_roles|360
AuthResult|309
СписокЛинийWeb|281
Страна|253
CountryCodes|249
Страна_Коды|248
БП_Экземпляр_История|177
Temp_QWERTY|158
Импорт_Схема_Сопост|138
UserSettings|135
Правило_Уведомления|122
Разнарядка_Параметры|111
EDI_Message_Type|108
portal_grid_layout|107
ОбъектФильтрации|103
Log|88
SubdivisionCodesRU|86
Платежи_Из_БК|85
Маршрутизация_разнарядок|76
Штаты|72
Temp_NEST|70
Знаки_маркировки|64
Правило_Нумерации|50
Тип_номенклатурной_единицы|47
Импорт_Конфигурация|47
Тип_ном_единицы_парам|42
ДокументыПоДТ|35
Груз_Поля_RO|34
XLImport_Usluga|33
ListDefragIndex|31
ПолеИзРазнарядки|31
Статус_перевозки_ТО|30
Тип_места_обработки|30
Import_CargoXLS|30
tempНП|29
СпецСимволы|29
СимволыДляУдаления|28
РежимДТ2|26
ЭДО_ТипДокумента|26
Длительность|25
Импорт_Схема|23
ДатыРасчета|22
ОбъектНачисленияТарифа|22
КодирующаяОрганизация|21
Единица_Измерения|20
portal_help|19
Тип_Сервиса_Запроса|19
Операция_Рейса|18
Отсрочка_Дата|16
Объект_Контрагент|16
Свойство_Груза|16
UserFieldType|16
Temp_decl|15
__Data_TE|15
Тип_Контейнера|15
Тип_Упаковки_контейнера|14
Должность|14
Код_Инкотермс|13
Тип_Контрагента|13
Средство_Связи|13
Параметры_матрицыСИ|13
Тип_Релиза|12
EDI_Status|12
LogTable|11
Импорт_Лог|11
Статус_РД|11
ПризнакКоррТамСтоимости|10
TEMP_IMPORT_DBF_ACCOUNT|10
БП_ТипШага|10
БП_Уведомление|9
БП_Уведомление_Список_Группы|9
Статус_исполнения_документа|9
ЭДО_Действие|9
Типы_глобального_кода|8
Статус_Рейса|8
Статус_Контрагента|8
Роль_Контрагента|8
Событие_История|8
Оборудование|8
ОбъектРасчетаТарифа|8
Temp_Получатели_Сообщения|8
TempUserFieldTable5|8
portal_notifications_user_options|8
SecurityGroups|8
ЕдиницаРасчета|8
Вид_ДатыРасчета|8
Вид_пропорции|8
Вид_Промышленности|7
ВоронкаПродаж|7
Задача_Статус|7
КатегорияСтраны|7
МетодОпределенияТамСтоимости|7
CacheVersion|7
temp2019134584|7
UserLayout|7
Подтип_Рейса|7
Режим_Отправки|7
Статус_КомПредл|7
Статус_Запроса|7
Статус_Запроса_Картинка|7
Тип_ДТ|7
Тип_Значений_ДопПоле|7
Тип_Расчетного_Счета|7
ТипИсходногоДокумента|7
Тип_Удостоверения_Личности|6
Тип_события|6
ФункцияНП|6
Тип_Операции_ВЭД|6
Тип_Адреса|6
Статус_ПТиУ|6
UserField_Exp|6
Логистические_направления|6
Коды_операций|6
Валюта|6
Вид_Объема_Квот|5
ВидДоставки|5
Виды_Перемещений|5
Метод_Досмотра|5
Класс_эмиссии|5
Источник_Запроса|5
Замена_Типа_Документа|5
portal_options|5
Роль_Для_Премирования|5
Профиль_Подписки|5
Статус_РО|5
СтатусОтправкиРелиза|5
Тип_Прих_Док|5
Тип_Проблемы|5
Тип_грузовой_партии|5
ТранзитноеВремяВПорту|5
Условие_Доставки|5
Условие_оплаты_фрахта|4
ТипыКНД_РеестрНДС0|4
ТипыНоменклатурыДляСворачивания|4
ЭДО_Сервис|4
ЭДО_СтатусИмпорта|4
Тип_Населенного_Пункта|4
Тип_Плат_Документа|4
Тип_Рейса|4
Тип_Задачи|4
Приоритет_Контрагента|4
Подразделения|4
ПрефиксыСсылок|4
ОператорЭДО|4
Способ_Разноски|4
Статус_Распределения|4
Статус_Обработки_Слежения|4
Статус_Потребности|4
Статус_Конверсии|4
MailLogType|4
Packaging_danger_level_code|4
tempМ|4
БП_Обработка_Тип|4
Категория_Платежа|4
Настройка_ОТГ_Аггрегация|4
Документ_Коносамента|4
Группы_Счетов|4
Задача_Важность|4
ВидЗависимостиРазнарядка|4
Вид_типа_пломбы|4
Вид_Налога|4
Вид_деятельности|4
Вид_Договора|3
Вид_Аналитики|3
Вид_Оплаты|3
Ед_Изм_Объема|3
Наличие_Документа|3
Направление_платежей|3
Категория_Товара|3
Изготовитель_Документа|3
Импорт_Конфигурация_Параметры|3
Import_Invoice|3
Статус_КомплектаДок|3
Статус_Выгрузки_ДТ|3
Статус_ДатыГотовности|3
Статус_ПредРасчета|3
Статус_Отгрузки|3
Статус_Расчет_ТП|3
Статус_Разнарядки|3
Событие_Релиза|3
РешениеПоТамСтоимости|3
Род_Склонения|3
Перемещение|3
Признак_Выгрузки_1С|3
Тип_Задачи_По_Запросу|3
СтатусРелиза|3
Тип_Проверки|3
Тип_КурсовойРазницы|3
ЭДО_Направление|3
Товар_ПоУпаковочному|3
Уведомления_ТипЗапроса|3
Тип_Уведомления|3
ТипПлатежа|3
Тип_центра_учета_денег|3
ТипГрузаПоЗаказу|2
Тип_коррекции|2
Тип_разнарядки|2
Тип_Расчета|2
Таможенная_мера|2
ТаможенныеЛьготы|2
Тип_CMR|2
Тип_Документа_ГТД|2
Тип_Документа_Коносамента|2
Тип_Выставления_Услуги|2
Тип_Груза|2
Пол|2
ПричинаЗамещения|2
Примечание_Тип|2
Разнарядка_Параметры_Значения|2
Переход_Собственности|2
ОтметкаРуководителя|2
Обязательные_Документы_НеЗав|2
РежимДТ|2
СредстваСлежения_Активность|2
EDI_EQUIPMENT_SUPPLIER_CODE|2
EDI_FULL_OR_EMPTY_INDICATOR_CODE|2
EDI_РольКонтрагента|2
EDI_Форматы|2
SchemaInfo|2
БП_Условие_Тип|2
UserSettingsType|2
XLImport_Contragent|2
XLImport_TransportationSchemeExp|2
БП_Автозапуск|2
БП_ВложенныйБП|2
БП_Действие_Критерий|2
КонтрольныеДаты|2
Критерии_Оценки|2
ЕдиницаИзмеренияСУТ|2
Дата_ГТД|2
График_оплаты_счетов|2
Вид_Учета|2
Вид_Даты_ПланОплаты|2
Вид_Загрузки|2
МераКонтроля|1
Категория_счета|1
Импорт_Файл|1
Users|1
Temp_TableGTDXML|1
SecurityGroupAssigns|1
portal_settings|1
portal_users|1
portal_users_in_groups|1
portal_journals_list|1
portal_mail_reports|1
portal_groups|1
CreatedLogins|1
EcranCreateOrdersSup|1
Import_Invoice_UL|1
Сервис_Слежения|1
Объект_Наименование|1
Объект_Примечание|1
Персона|1
Примечания_ФиксированныеУмолчания|1

(обработано строк: 285)
