dbo	BetweenValuesTarif	FUNCTION
dbo	CalcAge	FUNCTION
dbo	CalcDateOstDate	FUNCTION
dbo	CheckConnectUser	FUNCTION
dbo	CheckDogovorUsl	FUNCTION
dbo	CompareFTPriority	FUNCTION
dbo	Concat	FUNCTION
dbo	ConcatDistinct	FUNCTION
dbo	ConcatOrder	FUNCTION
dbo	ConvertStringToInt	FUNCTION
dbo	ConvertSumByDate	FUNCTION
dbo	ConvertSumByDate_AI	FUNCTION
dbo	ConvertSumByDate_new	FUNCTION
dbo	ConvertSumByDate_new2	FUNCTION
dbo	ConvertSumByDate_old	FUNCTION
dbo	ConvertSumByDateOption	FUNCTION
dbo	ConvertSumByDateRaznoska	FUNCTION
dbo	Custom_HLM_GetBillGroup	FUNCTION
dbo	DateDiffToPercent	FUNCTION
dbo	DateDiffToStr	FUNCTION
dbo	DateDiffToStr2	FUNCTION
dbo	DeutschStatus	FUNCTION
dbo	DistinctFromList	FUNCTION
dbo	Encode_UTF8	FUNCTION
dbo	EurPhrase	FUNCTION
dbo	ExistsInArrayTarif	FUNCTION
dbo	ExistsInArrayTarif2	FUNCTION
dbo	ExistsInArrayTarif3	FUNCTION
dbo	First_Day_Of_Month	FUNCTION
dbo	fn_EDO_NormalizeLinkText	FUNCTION
dbo	fncJSON_Escape	FUNCTION
dbo	fncJSON_Read	FUNCTION
dbo	FormatDateTime	FUNCTION
dbo	Get_Task_Order	FUNCTION
dbo	Get_Task_PO	FUNCTION
dbo	Get_Task_Sup	FUNCTION
dbo	Get_TS_ShortName	FUNCTION
dbo	GetActiveBalance	FUNCTION
dbo	GetAddress	FUNCTION
dbo	GetAddress_Inline	FUNCTION
dbo	GetAddressEnglish	FUNCTION
dbo	GetAddressEnglishSingle	FUNCTION
dbo	GetAddressFull	FUNCTION
dbo	GetAddressInternal	FUNCTION
dbo	GetAddressInternal2	FUNCTION
dbo	GetAddressInternalFull	FUNCTION
dbo	GetAddressSingle	FUNCTION
dbo	GetAddressSingleFull	FUNCTION
dbo	GetAllContactsFromPersona	FUNCTION
dbo	GetAllContactsFromZayavkaNaPerevozku	FUNCTION
dbo	GetAuditQuery	FUNCTION
dbo	GetBaseVal	FUNCTION
dbo	GetBaseVal2	FUNCTION
dbo	GetBoss	FUNCTION
dbo	GetBPExec	FUNCTION
dbo	GetBPNextStep	FUNCTION
dbo	GetBPprj	FUNCTION
dbo	GetBPScheme	FUNCTION
dbo	GetBPStepName	FUNCTION
dbo	GetBPVarValue	FUNCTION
dbo	GetBrokerContactFromZayavkaNaPerevozku	FUNCTION
dbo	GetCargoCanEditType	FUNCTION
dbo	GetCargoDefConsist	FUNCTION
dbo	GetCargoDefConsistIn	FUNCTION
dbo	GetCargoDefConsistIn2	FUNCTION
dbo	GetCargoInDistr	FUNCTION
dbo	GetCargoInDistrNoAkt	FUNCTION
dbo	GetCargoInShipment	FUNCTION
dbo	GetCargoWithConsist	FUNCTION
dbo	GetCFO	FUNCTION
dbo	GetChangeQuery	FUNCTION
dbo	GetCharacterContainers	FUNCTION
dbo	GetCharacterContainersFromZakaz	FUNCTION
dbo	GetCharacterContainersFromZakaz2	FUNCTION
dbo	GetClientContFromSchet	FUNCTION
dbo	GetColDaysVipusk	FUNCTION
dbo	GetColDaysVipuskNew	FUNCTION
dbo	GetColProblems	FUNCTION
dbo	GetColTypeOfCont	FUNCTION
dbo	GetCommonSaldo	FUNCTION
dbo	GetCommunicationValue	FUNCTION
dbo	GetConditionForProcGetDocuments	FUNCTION
dbo	GetContDateFromTarif	FUNCTION
dbo	GetContList	FUNCTION
dbo	GetContMarkerDU	FUNCTION
dbo	GetContMarkerProblem	FUNCTION
dbo	GetContMarkerRasx	FUNCTION
dbo	GetContMarkerVist	FUNCTION
dbo	GetContOwner	FUNCTION
dbo	GetContragent_AddressByType	FUNCTION
dbo	GetContragent_AddressByType2	FUNCTION
dbo	GetContragent_Contact	FUNCTION
dbo	GetContragent_ContByStrType	FUNCTION
dbo	GetContragent_Def_Address	FUNCTION
dbo	GetContragent_Def_Address_English	FUNCTION
dbo	GetContragent_Def_Contact	FUNCTION
dbo	GetContragent_DefTel	FUNCTION
dbo	GetContragent_Fact_Address	FUNCTION
dbo	GetContragent_Fax	FUNCTION
dbo	GetContragent_FullNameAndContact	FUNCTION
dbo	GetContragent_FullNameAndContact2	FUNCTION
dbo	GetContragent_FullNameAndContact3	FUNCTION
dbo	GetContragent_FullNameAndContactKPP	FUNCTION
dbo	GetContragent_FullNameAndContactKurator	FUNCTION
dbo	GetContragent_FullNameAndContactNoINN	FUNCTION
dbo	GetContragent_FullNameAndContactNONAME	FUNCTION
dbo	GetContragent_Name_Address	FUNCTION
dbo	GetContragent_Name_Address_inn	FUNCTION
dbo	GetContragent_Name_Address_inn_kpp	FUNCTION
dbo	GetContragent_ShortNameAndContact	FUNCTION
dbo	GetContragent_ShortNameAndContact2	FUNCTION
dbo	GetContragent_Ur_Address	FUNCTION
dbo	GetContragent_WokTel	FUNCTION
dbo	GetContragentBank	FUNCTION
dbo	GetContragentBik	FUNCTION
dbo	GetContragentExists	FUNCTION
dbo	GetContragentExistsGuid	FUNCTION
dbo	GetContragentFullInfo	FUNCTION
dbo	GetContragentFullInfoShort	FUNCTION
dbo	GetContragentKorSch	FUNCTION
dbo	GetContragentOfRole	FUNCTION
dbo	GetContragentOfRole2	FUNCTION
dbo	GetContragentRS	FUNCTION
dbo	GetContRef	FUNCTION
dbo	GetContRefList	FUNCTION
dbo	GetContrID	FUNCTION
dbo	GetContStatus	FUNCTION
dbo	GetContStatus_new	FUNCTION
dbo	GetContStatusTO	FUNCTION
dbo	GetContStatusTONew	FUNCTION
dbo	GetContStatusTO¿Ì„Î	FUNCTION
dbo	GetContVal	FUNCTION
dbo	GetContValDiffMark	FUNCTION
dbo	GetCopyStatusUslugi	FUNCTION
dbo	GetCorrectNumber	FUNCTION
dbo	GetCountDaysDistrFromTarif	FUNCTION
dbo	GetCountTE_Rate	FUNCTION
dbo	GetCountTS_Rate	FUNCTION
dbo	GetCurs	FUNCTION
dbo	GetCurs2	FUNCTION
dbo	GetCursNvarchar	FUNCTION
dbo	GetCustomsFromCode	FUNCTION
dbo	GetDangerClass	FUNCTION
dbo	GetDateFromChar	FUNCTION
dbo	GetDateGTDFromG07	FUNCTION
dbo	GetDateRasxUsl	FUNCTION
dbo	GetDateRus	FUNCTION
dbo	GetDateUkr	FUNCTION
dbo	GetDefContactOfPerson	FUNCTION
dbo	GetDefContragentEmail	FUNCTION
dbo	GetDefContragentTel	FUNCTION
dbo	GetDefPersonContact	FUNCTION
dbo	GetDefPersonEmail	FUNCTION
dbo	GetDefPersonEmail2	FUNCTION
dbo	GetDefPersonTel	FUNCTION
dbo	GetDefPersonTel2	FUNCTION
dbo	GetDeliveryType	FUNCTION
dbo	GetDiff	FUNCTION
dbo	GetDiffPrevCurRace	FUNCTION
dbo	GetDiffTable	FUNCTION
dbo	GetDistrDependOnMark	FUNCTION
dbo	GetDistrDlit	FUNCTION
dbo	GetDistrFactProfit	FUNCTION
dbo	GetDistrFactProfit_new	FUNCTION
dbo	GetDistrMarkerHasChild	FUNCTION
dbo	GetDistrOpCode	FUNCTION
dbo	GetDistrSummDependList	FUNCTION
dbo	GetDistrSummFromDep	FUNCTION
dbo	GetDistrTONum	FUNCTION
dbo	GetDistrTONum2	FUNCTION
dbo	GetDlitFromEd	FUNCTION
dbo	GetDocList	FUNCTION
dbo	GetDocMarkerSrok	FUNCTION
dbo	GetDocTypeRights	FUNCTION
dbo	GetDogovor1C	FUNCTION
dbo	GetDTCargoType	FUNCTION
dbo	GetDTCategory	FUNCTION
dbo	GetDTCustoms	FUNCTION
dbo	GetDTInspectionMeasure	FUNCTION
dbo	GetDTInspectionMeasure_Inline	FUNCTION
dbo	GetDTMode2	FUNCTION
dbo	GetDTPodacha	FUNCTION
dbo	GetDTResp	FUNCTION
dbo	GetDTVipusk	FUNCTION
dbo	GetEndDate	FUNCTION
dbo	GetExtSumKOPLATE	FUNCTION
dbo	GetExtSumKOPLATE_Ost	FUNCTION
dbo	GetExtSumKOPLATE_Prosrocheno	FUNCTION
dbo	GetExtSumKOPLATEPlat	FUNCTION
dbo	GetExtSumKOPLATEPlat_Ost	FUNCTION
dbo	GetExtSumKOPLATEPlat_Prosrocheno	FUNCTION
dbo	GetExtSumOPLACHENO	FUNCTION
dbo	GetExtSumOPLACHENO_Ost	FUNCTION
dbo	GetExtSumOPLACHENOPlat	FUNCTION
dbo	GetExtSumOPLACHENOPlat_Ost	FUNCTION
dbo	GetFilterContragentForPerson	FUNCTION
dbo	GetFilterContragentForPerson_new	FUNCTION
dbo	GetFilterContragentForPerson_old	FUNCTION
dbo	GetFilterContragentForPerson2	FUNCTION
dbo	GetFirstIDRace	FUNCTION
dbo	GetFullCharacterOfCont	FUNCTION
dbo	GetFullCharacterOfCont2	FUNCTION
dbo	GetFullCharacterOfCont3	FUNCTION
dbo	GetFullCharacterOfContPortal	FUNCTION
dbo	GetFullMarshrut	FUNCTION
dbo	GetFullUsluga	FUNCTION
dbo	GetFullUsluga2	FUNCTION
dbo	GetFullUslugaNew	FUNCTION
dbo	GetFullUslugaNew2	FUNCTION
dbo	GetGTD_Numbers_OfCMR	FUNCTION
dbo	GetGTDPoluchOrInn	FUNCTION
dbo	GetHash	FUNCTION
dbo	GetHash2	FUNCTION
dbo	GetHashNew	FUNCTION
dbo	GetHash ÓÌÚ‡„ÂÌÚRef	FUNCTION
dbo	GetHTMLDiff	FUNCTION
dbo	GetIDContFromGTD	FUNCTION
dbo	GetIDContragentByINN	FUNCTION
dbo	GetIDContragentByINNOrFullName	FUNCTION
dbo	GetIDContragentGTDByINN	FUNCTION
dbo	GetIDDU	FUNCTION
dbo	GetIDGTDTopDate	FUNCTION
dbo	GetIDList	FUNCTION
dbo	GetIDPerson	FUNCTION
dbo	GetIDsForFTSettingsTable	FUNCTION
dbo	GetIdsStringFromview∆ÛÌ‡Î«‡ÔÓÒÓ‚	FUNCTION
dbo	GetIDUser	FUNCTION
dbo	GetIDValList	FUNCTION
dbo	GetImportIDContNew	FUNCTION
dbo	GetImportIDSchetNew	FUNCTION
dbo	GetImportPlaceID	FUNCTION
dbo	GetImportSudnoID	FUNCTION
dbo	GetImportTypeContID	FUNCTION
dbo	GetImportUslugaNewID	FUNCTION
dbo	GetImportVidGruzaID	FUNCTION
dbo	GetInBillKANumFromOut	FUNCTION
dbo	GetIncomeXMLError	FUNCTION
dbo	GetInfoForBill	FUNCTION
dbo	GetInfoSumSchet	FUNCTION
dbo	GetInLine	FUNCTION
dbo	GetInvoiceGTDNumArr	FUNCTION
dbo	GetIsAdmin	FUNCTION
dbo	GetIsNumeric	FUNCTION
dbo	GetKALastMonthInfo	FUNCTION
dbo	GetKATypes	FUNCTION
dbo	GetKoeffByÕ‡Ô‡‚ÎÂÌËÂ	FUNCTION
dbo	GetKonosamentFidNomerPogruzPorucheniya	FUNCTION
dbo	GetLastComment	FUNCTION
dbo	GetLastIDRace	FUNCTION
dbo	GetLastOperation	FUNCTION
dbo	GetLastOperationForCont	FUNCTION
dbo	GetLastPlace	FUNCTION
dbo	GetListOfContShipperReference_FromBL	FUNCTION
dbo	GetListOfContShipperReference_FromZakaz	FUNCTION
dbo	GetListOfContTypes	FUNCTION
dbo	GetListOfContTypes_From_ZayavkaNaGruz	FUNCTION
dbo	GetListOfContTypes_FromBL	FUNCTION
dbo	GetListOfContTypes_FromZakaz	FUNCTION
dbo	GetListOfContTypes_FromZayavkaNaPerevozku	FUNCTION
dbo	GetListOfContTypesWithoutISO_FromBL	FUNCTION
dbo	GetListOfDopTS_Rate	FUNCTION
dbo	GetListOfTE_Rate	FUNCTION
dbo	GetListOfTEType_Rate	FUNCTION
dbo	GetListTovarGTD	FUNCTION
dbo	GetMainTSNum	FUNCTION
dbo	GetManagerZakazFromSchet	FUNCTION
dbo	GetMarkerHasFact	FUNCTION
dbo	GetMarkerHasFact2	FUNCTION
dbo	GetMarkerHasFact3	FUNCTION
dbo	GetMarkerPribGTD	FUNCTION
dbo	GetMarkerRasxGTD	FUNCTION
dbo	GetMarkerRelis	FUNCTION
dbo	GetMarkerRelisNew	FUNCTION
dbo	GetMarkerRelisNew2	FUNCTION
dbo	GetMarkerVistGTD	FUNCTION
dbo	GetMaxOperDate	FUNCTION
dbo	GetMaxOperDateForCont	FUNCTION
dbo	GetMaxVariantDate	FUNCTION
dbo	GetMinOperDate	FUNCTION
dbo	GetMinOperDateForCont	FUNCTION
dbo	GetMinVariantDate	FUNCTION
dbo	GetMOGAddress	FUNCTION
dbo	GetMOGCode	FUNCTION
dbo	GetMonth	FUNCTION
dbo	GetMyDoljni	FUNCTION
dbo	GetNamDoljni	FUNCTION
dbo	GetNasPunct	FUNCTION
dbo	GetNasPunct2	FUNCTION
dbo	GetNasPunct3	FUNCTION
dbo	GetNasPunctDestination	FUNCTION
dbo	GetNasPunctOtpravki	FUNCTION
dbo	GetNcharByBoolean	FUNCTION
dbo	GetNDS_Stake	FUNCTION
dbo	GetNDS_Stake_Mod	FUNCTION
dbo	GetNDS_Stake_Mod_Val	FUNCTION
dbo	GetNDS_Stake2	FUNCTION
dbo	GetNDSSchet	FUNCTION
dbo	GetNullWhen¬ÓÁÏÂ˘‡ÂÏ˚È	FUNCTION
dbo	GetNumCargos	FUNCTION
dbo	GetNumConosFromZakaz	FUNCTION
dbo	GetNumContainers	FUNCTION
dbo	GetNumContainers_FromSchet	FUNCTION
dbo	GetNumContainersFromZakaz	FUNCTION
dbo	GetNumContainersNew	FUNCTION
dbo	GetNumContainersSchetUsl	FUNCTION
dbo	GetNumPartRef	FUNCTION
dbo	GetNumWorkDay	FUNCTION
dbo	GetNumZakazFromCMR	FUNCTION
dbo	GetNumZakazFromGTD	FUNCTION
dbo	GetNumZakazFromSchet	FUNCTION
dbo	GetNumZakazFromZayavkaNaPerevozku	FUNCTION
dbo	GetObjectName	FUNCTION
dbo	GetOperationCategoryString	FUNCTION
dbo	GetOplUsl	FUNCTION
dbo	GetOrderFromDoc	FUNCTION
dbo	GetOrderLinkedBills	FUNCTION
dbo	GetOrderLinkedBillsStr	FUNCTION
dbo	GetOrderString	FUNCTION
dbo	GetOrderStringTemplate	FUNCTION
dbo	GetOSVMarkerMin	FUNCTION
dbo	GetPercentOfSimilarity	FUNCTION
dbo	GetPerevozchikFromRace	FUNCTION
dbo	GetPerson	FUNCTION
dbo	GetPersonaContactDef	FUNCTION
dbo	GetPersonaContactFromContr	FUNCTION
dbo	GetPersonCode	FUNCTION
dbo	GetPersonDolgn	FUNCTION
dbo	GetPersonDolgnRodPadeg	FUNCTION
dbo	GetPersonEnglish	FUNCTION
dbo	GetPersonFI	FUNCTION
dbo	GetPersonFullName	FUNCTION
dbo	GetPersonInit	FUNCTION
dbo	GetPersonInit2	FUNCTION
dbo	GetPersonInit3	FUNCTION
dbo	GetPersonInitDativIO	FUNCTION
dbo	GetPersonInitRodPadeg	FUNCTION
dbo	GetPersonRodPadeg	FUNCTION
dbo	GetPersonRodPadeg2	FUNCTION
dbo	GetPersonRodPadegInit	FUNCTION
dbo	GetPlanDay	FUNCTION
dbo	GetPlanDay2	FUNCTION
dbo	GetPlanPaySumm	FUNCTION
dbo	GetPortalObject	FUNCTION
dbo	GetPortalObjectFull	FUNCTION
dbo	GetPortalObjectFullBlazor	FUNCTION
dbo	GetPriznak1C	FUNCTION
dbo	GetProfitSum	FUNCTION
dbo	GetPunktWithStrana	FUNCTION
dbo	GetQueryForProcGetDocuments	FUNCTION
dbo	GetRacePointOperation	FUNCTION
dbo	GetRandFloat	FUNCTION
dbo	GetRateNextFirst	FUNCTION
dbo	GetRateParent_All	FUNCTION
dbo	GetRateParent_Last	FUNCTION
dbo	GetRatioSettingValue	FUNCTION
dbo	GetRecForDoc	FUNCTION
dbo	GetReference	FUNCTION
dbo	GetRemains	FUNCTION
dbo	GetReplacedNumber	FUNCTION
dbo	GetRequirementConditions	FUNCTION
dbo	GetResourceString	FUNCTION
dbo	GetSchetMarkerAkt_SchetFaktura	FUNCTION
dbo	GetSchetMarkerProsrochen	FUNCTION
dbo	GetSchetNumArr	FUNCTION
dbo	GetSecondDay	FUNCTION
dbo	GetSecVal	FUNCTION
dbo	GetSecVal2	FUNCTION
dbo	GetSecValSys	FUNCTION
dbo	GetServiceTypeString	FUNCTION
dbo	GetSplitStringByIndex	FUNCTION
dbo	GetSpravNomer	FUNCTION
dbo	GetStatusOplataPlat	FUNCTION
dbo	GetStatusOplataPlatEn	FUNCTION
dbo	GetStatusOplataPlatRu	FUNCTION
dbo	GetStatusOplataSchet	FUNCTION
dbo	GetStatusOplataSchetEn	FUNCTION
dbo	GetStatusOplataSchetID	FUNCTION
dbo	GetStatusOplataZayavkaNaOpl	FUNCTION
dbo	GetStatusPerevistSchet	FUNCTION
dbo	GetStatusReadOnlySchet	FUNCTION
dbo	GetStatusVosmeshSchet	FUNCTION
dbo	GetStringContUsluga	FUNCTION
dbo	GetStringDiff	FUNCTION
dbo	GetStringList	FUNCTION
dbo	GetStringList_old	FUNCTION
dbo	GetStringListSpecialChar	FUNCTION
dbo	GetStrWithUCASEFirstChar	FUNCTION
dbo	GetSubGTDByCode	FUNCTION
dbo	GetSumContractWithPay	FUNCTION
dbo	GetSumEuroForActValAgent	FUNCTION
dbo	GetSumGTD	FUNCTION
dbo	GetSumInsurance	FUNCTION
dbo	GetSumKOPLATE	FUNCTION
dbo	GetSumKOPLATE_Overdue	FUNCTION
dbo	GetSumKOPLATE_PoOst	FUNCTION
dbo	GetSumKOPLATEAll	FUNCTION
dbo	GetSumKOPLATEAll_PoOst	FUNCTION
dbo	GetSummByNominGroup	FUNCTION
dbo	GetSummByNominGroupNoOwnFirm	FUNCTION
dbo	GetSumNDSLabelBux	FUNCTION
dbo	GetSumNDSLabelBuxFast	FUNCTION
dbo	GetSumNeSpisano_Po_Schetam	FUNCTION
dbo	GetSumNeSpisano_Po_Schetam_PoOst	FUNCTION
dbo	GetSumNeSpisano_S_Platezhey	FUNCTION
dbo	GetSumNeSpisano_S_Platezhey_PoOst	FUNCTION
dbo	GetSumOPLACHENO	FUNCTION
dbo	GetSumOPLACHENO_PoOst	FUNCTION
dbo	GetSumOPLACHENOAll	FUNCTION
dbo	GetSumOPLACHENOAll_PoOst	FUNCTION
dbo	GetSumProportion	FUNCTION
dbo	GetSumRaznDTWithPay	FUNCTION
dbo	GetSumSchetAgent	FUNCTION
dbo	GetSumSchetContainer	FUNCTION
dbo	GetSumSchetContainerUslVal	FUNCTION
dbo	GetSumSchetContainerUslVal3	FUNCTION
dbo	GetSumSchetContainerUslVal4	FUNCTION
dbo	GetSumSchetContainerVal	FUNCTION
dbo	GetSumSchetContainerVal3	FUNCTION
dbo	GetSumSchetContCalc	FUNCTION
dbo	GetSumSchetContCalc2	FUNCTION
dbo	GetSumSchetContCalc3	FUNCTION
dbo	GetSumSchetDecl	FUNCTION
dbo	GetSumZakaz	FUNCTION
dbo	GetSumZakaz_old	FUNCTION
dbo	GetSumZakaz3	FUNCTION
dbo	GetTarifsFromZayavkaNaPerevozku	FUNCTION
dbo	GetTCFromDistr	FUNCTION
dbo	GetTECount	FUNCTION
dbo	GetTECount_Old	FUNCTION
dbo	GetTelegramAccountsForPortalUser	FUNCTION
dbo	GetTerminalFromCode	FUNCTION
dbo	GetTerminalFromCode2	FUNCTION
dbo	GetTripTypesFromDistr	FUNCTION
dbo	GetTS	FUNCTION
dbo	GetTSNew	FUNCTION
dbo	GetTypeGTD	FUNCTION
dbo	GetTypeOfCont	FUNCTION
dbo	GetTypeOfCont_Inline	FUNCTION
dbo	GetTypeOfContWithoutISO	FUNCTION
dbo	GetTypeOfTransFromKP	FUNCTION
dbo	GetTypeUserField	FUNCTION
dbo	GetUniqContForRace	FUNCTION
dbo	GetUserIDfromSecurityGroupAssigns	FUNCTION
dbo	GetUserLayoutCurTime	FUNCTION
dbo	GetUslCoutByNominGroup	FUNCTION
dbo	GetUslOpl	FUNCTION
dbo	GetUslRasxStatus	FUNCTION
dbo	GetUslSumByName	FUNCTION
dbo	GetUslTarifNames	FUNCTION
dbo	GetValSaldo	FUNCTION
dbo	GetVariantSumCont	FUNCTION
dbo	GetVistUsl	FUNCTION
dbo	GetWorkDays	FUNCTION
dbo	GetXMLMessageID	FUNCTION
dbo	GetXMLMessageIDOut	FUNCTION
dbo	GetZaprosForGTD	FUNCTION
dbo	Get√ÛÁÓÓÚÔ‡‚ËÚÂÎ¸For_view_PrintForm_“Õ	FUNCTION
dbo	Get√ÛÁÓÓÚÔ‡‚ËÚÂÎ¸For_view_PrintForm_“Õ2	FUNCTION
dbo	Get√ÛÁÓÓÚÔ‡‚ËÚÂÎ¸œŒÀÕŒ≈For_view_PrintForm_“Õ	FUNCTION
dbo	Getƒ‡Ú‡ŒÍÓÌ˜‡ÌËˇ—ƒÓÔ—Ó„Î	FUNCTION
dbo	Getƒ‡Ú‡ŒÍÓÌ˜‡ÌËˇ—ƒÓÔ—Ó„Î2	FUNCTION
dbo	GetƒÓÔ—Ó„Î‡¯ÂÌËÂ»ÌÙÓ	FUNCTION
dbo	Get«‡ÔÓÒID_From_√“ƒ	FUNCTION
dbo	GetŒÒÚ‡ÚÓÍ	FUNCTION
dbo	GetœÓÛ˜ËÚÂÎ¸_view_PrintForm_“Õ	FUNCTION
dbo	Get—‚ÓÈÒÚ‚Ó√ÛÁ‡_œÂÂ‚ÓÁÍ‡«‡ÔÂ˘ÂÌ‡_view_PrintForm_“Õ	FUNCTION
dbo	Get—‚ÓÈÒÚ‚Ó√ÛÁ‡_œÂÂ„ÛÁÍ‡«‡ÔÂ˘ÂÌ‡_view_PrintForm_“Õ	FUNCTION
dbo	Get—‰‡ÌÓ¬¡‡ÌÍ	FUNCTION
dbo	Get—ÛÏÏ‡—ƒÓÔ—Ó„Î	FUNCTION
dbo	Get—ÛÏÏ‡—ƒÓÔ—Ó„Î2	FUNCTION
dbo	Get—ÛÏÏ‡—ƒÓÔ—Ó„ÎRub	FUNCTION
dbo	HasKTS	FUNCTION
dbo	HaveDoc	FUNCTION
dbo	IsDataVipuskSetOnCurrentWeek	FUNCTION
dbo	IsStringInStringArray	FUNCTION
dbo	Last_Day_Of_Month	FUNCTION
dbo	Levenshtein_Distance	FUNCTION
dbo	MessageHaveObj	FUNCTION
dbo	MultiReplace	FUNCTION
dbo	NumPhrase	FUNCTION
dbo	NumPhraseEnglish	FUNCTION
dbo	NumPhraseLit	FUNCTION
dbo	NumPhraseLit_Part	FUNCTION
dbo	NumPhraseUkr	FUNCTION
dbo	NumToLatin	FUNCTION
dbo	NumToLatinCase	FUNCTION
dbo	ParseIsNull	FUNCTION
dbo	parseJSON	FUNCTION
dbo	ReadUTF8	FUNCTION
dbo	RemoveSpecSymbols	FUNCTION
dbo	RemoveSymbols	FUNCTION
dbo	RubPhrase	FUNCTION
dbo	SplitString_Int	FUNCTION
dbo	SplitString_Multi	FUNCTION
dbo	str2uniq	FUNCTION
dbo	SumDistinct	FUNCTION
dbo	SummCargoByDistrWithValWithSpace	FUNCTION
dbo	SummCargoByOrderWithVal	FUNCTION
dbo	SummCargoByOrderWithValWithSpace	FUNCTION
dbo	ToCyrillic	FUNCTION
dbo	TranslateCargoStatus	FUNCTION
dbo	Translit	FUNCTION
dbo	Translit2	FUNCTION
dbo	TSNumToCyrilic	FUNCTION
dbo	TSNumToLatin	FUNCTION
dbo	udf-Str-Parse	FUNCTION
dbo	ufiDifferencesInText	FUNCTION
dbo	ufnDifferencesInText	FUNCTION
dbo	uftReadfileAsTable	FUNCTION
dbo	uftShowFirstDifference	FUNCTION
dbo	uftWordTokens	FUNCTION
dbo	UrlEncode	FUNCTION
dbo	UsdPhrase	FUNCTION
dbo	ValName	FUNCTION
dbo	ValPhrase	FUNCTION
dbo	ValPhrase2	FUNCTION
dbo	ValPhraseEngl	FUNCTION
dbo	ValPhraseEngl2	FUNCTION
dbo	ValPhraseLit	FUNCTION
dbo	ValPhraseUkr	FUNCTION
dbo	_proc_Test	PROCEDURE
dbo	_proc_Test2	PROCEDURE
srv	AutoDefragIndex	PROCEDURE
srv	AutoDefragIndexDB	PROCEDURE
srv	AutoUpdateStatistics	PROCEDURE
dbo	CreatePObySKUGetSqlForCount	PROCEDURE
dbo	custom_proc_DeleteCustomSums	PROCEDURE
dbo	custom_proc_ExportPlat1C	PROCEDURE
dbo	custom_proc_InsertCustomSums	PROCEDURE
dbo	custom_proc_SelectCustomSums	PROCEDURE
dbo	func1_519	PROCEDURE
dbo	GetWialonGps	PROCEDURE
dbo	HTTP_REQUEST	PROCEDURE
dbo	portal_change_user_table	PROCEDURE
dbo	portal_set_default_filter_for_journal	PROCEDURE
dbo	print_Sverka_Scheta	PROCEDURE
dbo	prLastMessageInfo	PROCEDURE
dbo	proc_ActivesDetales	PROCEDURE
dbo	proc_AddContToDistr	PROCEDURE
dbo	proc_AddEditAccount_CheckAddAs	PROCEDURE
dbo	proc_AddEditClientQuery_CheckContDel	PROCEDURE
dbo	proc_AddEditClientQuery_CheckDistrInKP	PROCEDURE
dbo	proc_AddEditClientQuery_CheckFinishedCont	PROCEDURE
dbo	proc_AddEditClientQuery_CheckMandatiryFields	PROCEDURE
dbo	proc_AddEditClientQuery_CheckVidDostavki	PROCEDURE
dbo	proc_AddEditClientQuery_CheckVidDostavki2	PROCEDURE
dbo	proc_AddEditClientQuery_CheckVidGruza	PROCEDURE
dbo	proc_AddEditConteiner_ContActList	PROCEDURE
dbo	proc_AddEditCountagent_CountryList	PROCEDURE
dbo	proc_AddEditCountagent_LogDirList	PROCEDURE
dbo	proc_AddEditOrder_CheckMovings	PROCEDURE
dbo	proc_AddEditOrder_CheckRouteSostav	PROCEDURE
dbo	proc_AddEditOrder_CheckZatarka	PROCEDURE
dbo	proc_AddEditOrder_CheckZatarka2	PROCEDURE
dbo	proc_AddEditOrder_GetOtherDistrCont	PROCEDURE
dbo	proc_AddEditOrder_Init	PROCEDURE
dbo	proc_AddEditOrder_Init2	PROCEDURE
dbo	proc_AddEditShipmet_CheckCont	PROCEDURE
dbo	proc_AddEditShipmet_CheckCont2	PROCEDURE
dbo	proc_AddEditShipmet_CheckCont3	PROCEDURE
dbo	proc_AddEditShipmet_CheckContInShip	PROCEDURE
dbo	proc_AddEditShipmet_CheckCreateShip	PROCEDURE
dbo	proc_AddEditShipmet_CheckVidDostavki	PROCEDURE
dbo	proc_AddEditShipmet_ŒÚ„ÛÁÍ‡_“Ó‚‡_Delete	PROCEDURE
dbo	proc_AddLogIntoLogTeble	PROCEDURE
dbo	proc_AddRemainTovar2Cont	PROCEDURE
dbo	proc_AddRowToShipment	PROCEDURE
dbo	proc_AmmountsForService	PROCEDURE
dbo	proc_Auto_Raznoska	PROCEDURE
dbo	proc_Auto_Raznoska_Bill	PROCEDURE
dbo	proc_AutoPrivyazkaPlatezhGTD	PROCEDURE
dbo	proc_Balance	PROCEDURE
dbo	proc_Bitrix24_Client2_CreateRequest	PROCEDURE
dbo	proc_Calc_Avg_Cost_To_Alloc	PROCEDURE
dbo	proc_Calc_Custom_Payments	PROCEDURE
dbo	proc_CalcCreditPotreb	PROCEDURE
dbo	proc_CalcInvoice_Taxa	PROCEDURE
dbo	proc_CargoStatus_Add	PROCEDURE
dbo	proc_CargoStatus_Copy	PROCEDURE
dbo	proc_CargoStatus_Delete	PROCEDURE
dbo	proc_CargoStatus_Gen	PROCEDURE
dbo	proc_CargoStatus_Gen_Dates	PROCEDURE
dbo	proc_CargoStatus_GenAddFields	PROCEDURE
dbo	proc_CargoStatus_Update	PROCEDURE
dbo	proc_CascadeUpdate_From_PO	PROCEDURE
dbo	proc_CascadeUpdate_From_Shipment	PROCEDURE
dbo	proc_CaseAutoTarif	PROCEDURE
dbo	proc_chat_forward_message	PROCEDURE
dbo	proc_chat_get_dialogforgroup	PROCEDURE
dbo	proc_Chat_Get_OpenHyperlink	PROCEDURE
dbo	proc_chat_get_resortable_users_list	PROCEDURE
dbo	proc_chat_get_resortable_users_list_filter	PROCEDURE
dbo	proc_Chat_Get_SredstvaSvyazy	PROCEDURE
dbo	proc_Chat_GetUserList	PROCEDURE
dbo	proc_Chat_Set_MarkNewMessagesInfo	PROCEDURE
dbo	proc_Chat_Set_ReadAllMessages	PROCEDURE
dbo	proc_Chat_Set_ReadAllMessagesGroup	PROCEDURE
dbo	proc_Chat_Set_ReadedForUser	PROCEDURE
dbo	proc_Chat_Set_ReadedForUserInfo	PROCEDURE
dbo	proc_Chat_Set_ReadedForUserSystem	PROCEDURE
dbo	proc_Chat_Set_UpdateGrid	PROCEDURE
dbo	proc_Chat_SetMessageReadSystem	PROCEDURE
dbo	proc_Chat_SetMessageReadUser	PROCEDURE
dbo	proc_Chat_SetPrinechanieProchitanoFirstTime	PROCEDURE
dbo	proc_CheckBillsPTiU	PROCEDURE
dbo	proc_CheckBillSumm	PROCEDURE
dbo	proc_CheckCont_BillOnCargo	PROCEDURE
dbo	proc_CheckCont_BillOnCont	PROCEDURE
dbo	proc_CheckCont_ConstSostav	PROCEDURE
dbo	proc_CheckCustomsStatusDates	PROCEDURE
dbo	proc_CheckDemPayAgr	PROCEDURE
dbo	proc_CheckDistribRecursion	PROCEDURE
dbo	proc_CheckDistrParams	PROCEDURE
dbo	proc_CheckDistrSummFromDep	PROCEDURE
dbo	proc_CheckGTD_IsSame	PROCEDURE
dbo	proc_CheckOrCorrectRaschVozmCalcs	PROCEDURE
dbo	proc_CheckOrMarkVist	PROCEDURE
dbo	proc_CircleSubDivExist	PROCEDURE
dbo	proc_ClearCreditRaznozAndCalcs	PROCEDURE
dbo	proc_Close_Zakaz	PROCEDURE
dbo	proc_CloseFinishedOrders	PROCEDURE
dbo	proc_ClosePeriodUU	PROCEDURE
dbo	proc_CollapceOtschipenec	PROCEDURE
dbo	proc_ContainersInFreight	PROCEDURE
dbo	proc_ContDeclSumsExchange	PROCEDURE
dbo	proc_ContGTDSinc	PROCEDURE
dbo	proc_ControlLibrary_CheckCreateDistr	PROCEDURE
dbo	proc_ControlLibrary_CheckDistrDelete	PROCEDURE
dbo	proc_ControlLibrary_CheckDistrZatarka	PROCEDURE
dbo	proc_ControlLibrary_CheckOrderShip	PROCEDURE
dbo	proc_ControlLibrary_CheckOrderTE	PROCEDURE
dbo	proc_ControlLibrary_CreateDistr	PROCEDURE
dbo	proc_ControlLibrary_CreateDistr2	PROCEDURE
dbo	proc_ControlLibrary_GetDistrBills	PROCEDURE
dbo	proc_ControlLibrary_GetDistrDepend	PROCEDURE
dbo	proc_ControlLibrary_GetDistrDepend2	PROCEDURE
dbo	proc_ControlLibrary_GetDistrSostav	PROCEDURE
dbo	proc_ControlLibrary_GetMandatoryDocs	PROCEDURE
dbo	proc_ControlLibrary_UF_ObjFilter	PROCEDURE
dbo	proc_CopyKAFromDistr	PROCEDURE
dbo	proc_CopyKAToChild	PROCEDURE
dbo	proc_CopyParamsFromParent	PROCEDURE
dbo	proc_CopyPlaceFromDistr	PROCEDURE
dbo	proc_CopyPlaceToChild	PROCEDURE
dbo	proc_CopyPlanPayment	PROCEDURE
dbo	proc_CopyReqDocs_FromRoutingToDistr	PROCEDURE
dbo	proc_CopyTarif	PROCEDURE
dbo	proc_CopyTovarFromDistr	PROCEDURE
dbo	proc_CopyTovarFromParent	PROCEDURE
dbo	proc_CopyTovarToChild	PROCEDURE
dbo	proc_CopyUF	PROCEDURE
dbo	proc_CopyVarToCalc	PROCEDURE
dbo	proc_CopyVarToCalc_AI	PROCEDURE
dbo	proc_CopyVarToCalc_LS_5384	PROCEDURE
dbo	proc_CopyVarToCalc_OLD	PROCEDURE
dbo	proc_CopyWorkScheme_Plan2Fact	PROCEDURE
dbo	proc_CorrectRaschVozmCalcsByDistr	PROCEDURE
dbo	proc_Create_CargoInOrder_FromGE	PROCEDURE
dbo	proc_Create_Distr	PROCEDURE
dbo	proc_Create_Distr_CondOut_FromDT	PROCEDURE
dbo	proc_Create_Order_From_Shipments	PROCEDURE
dbo	proc_Create_Outcome_Customs	PROCEDURE
dbo	proc_Create_Outcome_ED	PROCEDURE
dbo	proc_Create_Outcome_Equipment	PROCEDURE
dbo	proc_Create_Outcome_Message	PROCEDURE
dbo	proc_Create_Outcome_OrderSupplier	PROCEDURE
dbo	proc_Create_Outcome_RS	PROCEDURE
dbo	proc_Create_Outcome_Shipment	PROCEDURE
dbo	proc_Create_Outcome_TE_Type	PROCEDURE
dbo	proc_Create_Outcome_Transfer	PROCEDURE
dbo	proc_Create_Outcome_Transport	PROCEDURE
dbo	proc_Create_Outcome_XDI	PROCEDURE
dbo	proc_Create_RegisterOfInsurance	PROCEDURE
dbo	proc_CreateAccOnGTD	PROCEDURE
dbo	proc_CreateAutoTamozhSum	PROCEDURE
dbo	proc_CreateBank	PROCEDURE
dbo	proc_CreateBithdayAppointent	PROCEDURE
dbo	proc_CreateCache	PROCEDURE
dbo	proc_CreateCache_All	PROCEDURE
dbo	proc_CreateContFromGTDInOrder	PROCEDURE
dbo	proc_CreateContInDistr	PROCEDURE
dbo	proc_CreateConversionDocs	PROCEDURE
dbo	proc_CreateConversionPayment	PROCEDURE
dbo	proc_CreateDiffDTBill	PROCEDURE
dbo	proc_CreateExcelFile	PROCEDURE
dbo	proc_CreateExcelFromQuery	PROCEDURE
dbo	proc_CreateExcelFromQueryTemplate	PROCEDURE
dbo	proc_CreateInvoiceFromPORow	PROCEDURE
dbo	proc_CreateKA	PROCEDURE
dbo	proc_CreateKA_BDS	PROCEDURE
dbo	proc_CreateNewRef	PROCEDURE
dbo	proc_CreateNotify	PROCEDURE
dbo	proc_CreatePayment	PROCEDURE
dbo	proc_CreateRS	PROCEDURE
dbo	proc_CreateTenderVar	PROCEDURE
dbo	proc_CreateTripFromVar	PROCEDURE
dbo	proc_Custom_1CBP_AddFile	PROCEDURE
dbo	proc_Custom_1CBP_DelFile	PROCEDURE
dbo	proc_Custom_1CFin_AddFile	PROCEDURE
dbo	proc_Custom_1CFin_DelFile	PROCEDURE
dbo	proc_Custom_accounts_receivable	PROCEDURE
dbo	proc_Custom_AutoCloseCargoOrders	PROCEDURE
dbo	proc_Custom_CARGO_PROGRESS_Report	PROCEDURE
dbo	proc_Custom_CloseOrders	PROCEDURE
dbo	proc_Custom_CONTR_OVERDUE_DEBTS	PROCEDURE
dbo	proc_Custom_Convert_NT_UF_Value	PROCEDURE
dbo	proc_Custom_executive_Income	PROCEDURE
dbo	proc_Custom_executive_receivables	PROCEDURE
dbo	proc_Custom_Export_CallSGR	PROCEDURE
dbo	proc_Custom_Export_ClientSGR	PROCEDURE
dbo	proc_Custom_Export_ContactSGR	PROCEDURE
dbo	proc_Custom_Export_Contragent_To_BIT_Finance	PROCEDURE
dbo	proc_Custom_Export_MeetingSGR	PROCEDURE
dbo	proc_Custom_Export_QlikView	PROCEDURE
dbo	proc_Custom_Export_To_BITFinance	PROCEDURE
dbo	proc_Custom_Export_To_EGGER	PROCEDURE
dbo	proc_Custom_Export_To_PMI	PROCEDURE
dbo	proc_Custom_Import_1CEnterpriseData_APERAK	PROCEDURE
dbo	proc_Custom_Import_1CEnterpriseData_Articles_LL	PROCEDURE
dbo	proc_Custom_Import_1CEnterpriseData_CFO_LL	PROCEDURE
dbo	proc_Custom_Import_1CEnterpriseData_Cur_LL	PROCEDURE
dbo	proc_Custom_Import_1CEnterpriseData_Dogovor	PROCEDURE
dbo	proc_Custom_Import_1CEnterpriseData_Dogovor_LL	PROCEDURE
dbo	proc_Custom_Import_1CEnterpriseData_KA	PROCEDURE
dbo	proc_Custom_Import_1CEnterpriseData_KA_LL	PROCEDURE
dbo	proc_Custom_Import_1CEnterpriseData_Org	PROCEDURE
dbo	proc_Custom_Import_1CEnterpriseData_Org_LL	PROCEDURE
dbo	proc_Custom_Import_1CEnterpriseData_Packet	PROCEDURE
dbo	proc_Custom_Import_1CEnterpriseData_Person	PROCEDURE
dbo	proc_Custom_Import_1CEnterpriseData_RS_LL	PROCEDURE
dbo	proc_Custom_Import_1CEnterpriseData_ShipOrder	PROCEDURE
dbo	proc_Custom_Import_1CEnterpriseData_SupInv_LL	PROCEDURE
dbo	proc_Custom_Import_1CEnterpriseData_TS	PROCEDURE
dbo	proc_Custom_Import_1CEnterpriseData_Waybill	PROCEDURE
dbo	proc_Custom_Import_DT_PDF	PROCEDURE
dbo	proc_Custom_Import_From_1C_InvoiceStatus	PROCEDURE
dbo	proc_Custom_Import_From_1C_Packet	PROCEDURE
dbo	proc_Custom_Import_From_1C_ReceiptStatus	PROCEDURE
dbo	proc_Custom_Import_From_1CERP_PO	PROCEDURE
dbo	proc_Custom_Import_From_1CUTP_Ans	PROCEDURE
dbo	proc_Custom_Import_From_BDSM_Requirement	PROCEDURE
dbo	proc_Custom_Import_From_BF_AllPayments	PROCEDURE
dbo	proc_Custom_Import_From_BF_Payments	PROCEDURE
dbo	proc_Custom_Import_From_BF_Payments_NDS	PROCEDURE
dbo	proc_Custom_Import_From_BITFinance	PROCEDURE
dbo	proc_Custom_Import_From_EGGER	PROCEDURE
dbo	proc_Custom_Import_From_HR_MDM_Packet	PROCEDURE
dbo	proc_Custom_Import_From_HR_MDM_Person	PROCEDURE
dbo	proc_Custom_Import_From_HR_MDM_Positions	PROCEDURE
dbo	proc_Custom_Import_From_HR_MDM_Subdivisions	PROCEDURE
dbo	proc_Custom_Import_From_IRIS_ZNOFactPay	PROCEDURE
dbo	proc_Custom_Import_From_IRIS_ZNOStatus	PROCEDURE
dbo	proc_Custom_Import_From_KIS_APERAK	PROCEDURE
dbo	proc_Custom_Import_From_KIS_Conditions	PROCEDURE
dbo	proc_Custom_Import_From_KIS_Conrtagent	PROCEDURE
dbo	proc_Custom_Import_From_KIS_Contract_Types	PROCEDURE
dbo	proc_Custom_Import_From_KIS_CONTRL	PROCEDURE
dbo	proc_Custom_Import_From_KIS_Currencies	PROCEDURE
dbo	proc_Custom_Import_From_KIS_Doc_Types	PROCEDURE
dbo	proc_Custom_Import_From_KIS_Dogovor	PROCEDURE
dbo	proc_Custom_Import_From_KIS_Packet	PROCEDURE
dbo	proc_Custom_Import_From_KIS_Persons	PROCEDURE
dbo	proc_Custom_Import_From_KIS_Rates	PROCEDURE
dbo	proc_Custom_Import_From_KIS_Subdivisions	PROCEDURE
dbo	proc_Custom_Import_From_KIS_Subdivisions_Subdiv	PROCEDURE
dbo	proc_Custom_Import_From_KIS_Supply_Conditions	PROCEDURE
dbo	proc_Custom_Import_From_KIS_TNVED	PROCEDURE
dbo	proc_Custom_Import_From_KIS_Transport	PROCEDURE
dbo	proc_Custom_Import_From_LNT_DT	PROCEDURE
dbo	proc_Custom_Import_From_LNT_Goods	PROCEDURE
dbo	proc_Custom_Import_From_LNT_KA	PROCEDURE
dbo	proc_Custom_Import_From_LNT_PO	PROCEDURE
dbo	proc_Custom_Import_From_LNT_Shipment_APERAK	PROCEDURE
dbo	proc_Custom_Import_From_LNT_WarehouseAcc	PROCEDURE
dbo	proc_Custom_Import_From_MDM_Conrt_Types	PROCEDURE
dbo	proc_Custom_Import_From_MDM_Conrtagent	PROCEDURE
dbo	proc_Custom_Import_From_MDM_Country	PROCEDURE
dbo	proc_Custom_Import_From_MDM_Units	PROCEDURE
dbo	proc_Custom_Import_From_PMI	PROCEDURE
dbo	proc_Custom_Import_From_SAP_CarrierData	PROCEDURE
dbo	proc_Custom_Import_From_SUT_Distribution	PROCEDURE
dbo	proc_Custom_Import_From_SUT_Distribution2	PROCEDURE
dbo	proc_Custom_Import_From_ZUP_Person	PROCEDURE
dbo	proc_Custom_Import_From_ZUP_Positions	PROCEDURE
dbo	proc_Custom_Import_From_ZUP_Subdivisions	PROCEDURE
dbo	proc_Custom_Import_GPS	PROCEDURE
dbo	proc_Custom_Import_Realization	PROCEDURE
dbo	proc_Custom_Issued_DT_Report	PROCEDURE
dbo	proc_Custom_NewAllocationMsg	PROCEDURE
dbo	proc_Custom_Notify_48h_BeforeArrival	PROCEDURE
dbo	proc_Custom_NOTIFY_DOC_READY_FI	PROCEDURE
dbo	proc_Custom_ORDER_FINISH_OP_2DAYS	PROCEDURE
dbo	proc_Custom_PERSON_ACC_SEND_DOC	PROCEDURE
dbo	proc_Custom_PrintFormInvoice	PROCEDURE
dbo	proc_Custom_Report_Cargo_in_work	PROCEDURE
dbo	proc_Custom_Report_CargoCounter	PROCEDURE
dbo	proc_Custom_Report_CargoInImport	PROCEDURE
dbo	proc_Custom_Report_Containers	PROCEDURE
dbo	proc_Custom_Report_ContInImport	PROCEDURE
dbo	proc_Custom_Report_Customs_Exp	PROCEDURE
dbo	proc_Custom_Report_Customs_Imp	PROCEDURE
dbo	proc_Custom_Report_Daily_Report	PROCEDURE
dbo	proc_Custom_Report_Deliveries_for_period	PROCEDURE
dbo	proc_Custom_Report_DT_s_tipami_upakovok	PROCEDURE
dbo	proc_Custom_Report_Fin_otchet	PROCEDURE
dbo	proc_Custom_Report_Fin_Report	PROCEDURE
dbo	proc_Custom_Report_For_economists	PROCEDURE
dbo	proc_Custom_Report_Hranenie_mezhdu_zakazami	PROCEDURE
dbo	proc_Custom_Report_Issued_DT	PROCEDURE
dbo	proc_Custom_Report_LM_Logistic_Exchange	PROCEDURE
dbo	proc_Custom_Report_Monthly_summary_report	PROCEDURE
dbo	proc_Custom_Report_MRP_MORE_FRESH	PROCEDURE
dbo	proc_Custom_Report_MRP_MORE_OS_i_NT	PROCEDURE
dbo	proc_Custom_Report_ORTP	PROCEDURE
dbo	proc_Custom_Report_Otchet_Indeksy	PROCEDURE
dbo	proc_Custom_Report_OUDG	PROCEDURE
dbo	proc_Custom_Report_Payment	PROCEDURE
dbo	proc_Custom_Report_PLV2	PROCEDURE
dbo	proc_Custom_Report_POGRUZOCHNYI_SPISOK_PLP	PROCEDURE
dbo	proc_Custom_Report_Razrabotka_novogo_stikera	PROCEDURE
dbo	proc_Custom_Report_reestr_oplat	PROCEDURE
dbo	proc_Custom_Report_Reestr_strahovaniya	PROCEDURE
dbo	proc_Custom_Report_Rojstat	PROCEDURE
dbo	proc_Custom_Report_SA_OPTO_RPTP	PROCEDURE
dbo	proc_Custom_Report_SalesPlan	PROCEDURE
dbo	proc_Custom_Report_SalesPlan_new	PROCEDURE
dbo	proc_Custom_Report_SDSI_AVTO_FRESH	PROCEDURE
dbo	proc_Custom_Report_SDSI_AVTO_OSiNT	PROCEDURE
dbo	proc_Custom_Report_Sebestoimost_po_perevozkam	PROCEDURE
dbo	proc_Custom_Report_Soglasovanie_stikera_s_postavshchikom	PROCEDURE
dbo	proc_Custom_Report_SPD_OPTO	PROCEDURE
dbo	proc_Custom_Report_SR_KTS_ORTiP	PROCEDURE
dbo	proc_Custom_Report_Tovar_po_ID_Zakaza	PROCEDURE
dbo	proc_Custom_Report_Tovary_I_TSD	PROCEDURE
dbo	proc_Custom_Report_Tovary_v_portu	PROCEDURE
dbo	proc_Custom_Report_ZaderzhkiNeotgruzki	PROCEDURE
dbo	proc_Custom_Report_ZakrytieWI	PROCEDURE
dbo	proc_Custom_Report_ZakrytieWI_Daty	PROCEDURE
dbo	proc_Custom_Send_Daily_Report	PROCEDURE
dbo	proc_Custom_Send_Daily_Report2	PROCEDURE
dbo	proc_Custom_Send_LM_Logistic_Exchange	PROCEDURE
dbo	proc_Custom_Send_Shippeo	PROCEDURE
dbo	proc_Custom_SetBillServiceEndDate	PROCEDURE
dbo	proc_Custom_Statement_of_fuel	PROCEDURE
dbo	proc_Custom_Update_LogDirection	PROCEDURE
dbo	proc_Custom_voyages	PROCEDURE
dbo	proc_CustomReport_SIL	PROCEDURE
dbo	proc_Delete_GTD_XML_Data	PROCEDURE
dbo	proc_DeleteConversionDocs	PROCEDURE
dbo	proc_DetailReport_PotentialClients	PROCEDURE
dbo	proc_DevideDistrByCont	PROCEDURE
dbo	proc_Distr_Calc_Remain	PROCEDURE
dbo	proc_Distr_Calc_Remain_old	PROCEDURE
dbo	proc_Distr_LoadData_FromPO	PROCEDURE
dbo	proc_DistribGTDSync	PROCEDURE
dbo	proc_DistributionsCommon_GetData	PROCEDURE
dbo	proc_DistributionsJournal_CheckPLD	PROCEDURE
dbo	proc_DistributionsJournal_CheckPunkt	PROCEDURE
dbo	proc_DistributionsJournal_CheckPunkt2	PROCEDURE
dbo	proc_DistributionsJournal_CheckPunkt3	PROCEDURE
dbo	proc_DistributionsJournal_CheckPunkt4	PROCEDURE
dbo	proc_DistributionsJournal_GetPerson	PROCEDURE
dbo	proc_DistributionTUGoods_Delete	PROCEDURE
dbo	proc_DistributionTUGoods_DeleteQuery	PROCEDURE
dbo	proc_DistrSetTSType	PROCEDURE
dbo	proc_DupCalcRow	PROCEDURE
dbo	proc_EDI_COPRAN	PROCEDURE
dbo	proc_EDI_CUSCAR	PROCEDURE
dbo	proc_EDI_GetSenderReciever	PROCEDURE
dbo	proc_EDI_SendMessages	PROCEDURE
dbo	proc_EDO_Link_Cont	PROCEDURE
dbo	proc_EDO_Link_Cont_AI	PROCEDURE
dbo	proc_EDO_Parse_Contur_UTD	PROCEDURE
dbo	proc_EDO_Parse_Entera	PROCEDURE
dbo	proc_EDO_Preview	PROCEDURE
dbo	proc_Event_DU	PROCEDURE
dbo	proc_Event_GTD	PROCEDURE
dbo	proc_Event_Operation	PROCEDURE
dbo	proc_Event_Out	PROCEDURE
dbo	proc_Event_SetETA	PROCEDURE
dbo	proc_Event_Unshipping	PROCEDURE
dbo	proc_ExecIntoTable	PROCEDURE
dbo	proc_ExpeditorAdmin_Etalon	PROCEDURE
dbo	proc_Export_1C_XML	PROCEDURE
dbo	proc_Export_EDO_Bill	PROCEDURE
dbo	proc_Export_EDO_VAT0	PROCEDURE
dbo	proc_ExportAcc1C	PROCEDURE
dbo	proc_ExportBill1C	PROCEDURE
dbo	proc_ExportPlat1C	PROCEDURE
dbo	proc_ExportTest1C	PROCEDURE
dbo	proc_extract_data_from_COREOR	PROCEDURE
dbo	proc_ExtractDataToExcelFile	PROCEDURE
dbo	proc_ExtractDataToExcelFileFromRequest	PROCEDURE
dbo	proc_FactClientUpdateInGTD	PROCEDURE
dbo	proc_FillPack	PROCEDURE
dbo	proc_FindShippingsTenderFromRoutes	PROCEDURE
dbo	proc_Free_Double_GTD	PROCEDURE
dbo	proc_FreightTable_CheckZatarka	PROCEDURE
dbo	proc_FreightTable_GetFields	PROCEDURE
dbo	proc_FreightTable_GetFields2	PROCEDURE
dbo	proc_From_1C_To_Database	PROCEDURE
dbo	proc_Get_CalcRemainsInLogPoint	PROCEDURE
dbo	proc_Get_Chat_GetPortalUserSredstvoSvyazy	PROCEDURE
dbo	proc_Get_Doc_Date	PROCEDURE
dbo	proc_Get_Fields_For_OpTable	PROCEDURE
dbo	proc_Get_Info_For_Trace	PROCEDURE
dbo	proc_Get_Invoice_Date	PROCEDURE
dbo	proc_Get_Manifest_IFTMCS	PROCEDURE
dbo	proc_Get_Obj_ForExport	PROCEDURE
dbo	proc_Get_Params_For_UF	PROCEDURE
dbo	proc_Get_Payment_schedule	PROCEDURE
dbo	proc_Get_Release_EDI	PROCEDURE
dbo	proc_Get_Report_Tovary_v_portu	PROCEDURE
dbo	proc_Get_TranzitnoeVremyaIzPorta	PROCEDURE
dbo	proc_Get_Zapros_Kontejner	PROCEDURE
dbo	proc_Get_Zapros_Otgruzki	PROCEDURE
dbo	proc_GetAddressList	PROCEDURE
dbo	proc_GetBalanceActives	PROCEDURE
dbo	proc_GetBalanceActivesCommon	PROCEDURE
dbo	proc_GetCMRFill	PROCEDURE
dbo	proc_GetComments	PROCEDURE
dbo	proc_GetDistrContList	PROCEDURE
dbo	proc_GetDistrParamsForCommon	PROCEDURE
dbo	proc_GetGoodSpec	PROCEDURE
dbo	proc_GetGroupingHeadReq	PROCEDURE
dbo	proc_GetGTDContSpisok	PROCEDURE
dbo	proc_GetMandatoryDocuments	PROCEDURE
dbo	proc_GetMapData	PROCEDURE
dbo	proc_GetNominVistName	PROCEDURE
dbo	proc_GetPersonBP	PROCEDURE
dbo	proc_GetPersonSubdiv	PROCEDURE
dbo	proc_GetProblemList	PROCEDURE
dbo	proc_GetProjectStatistic	PROCEDURE
dbo	proc_GetStarterList	PROCEDURE
dbo	proc_GetTableDescFromExcel	PROCEDURE
dbo	proc_GetTableDescFromExcel2	PROCEDURE
dbo	proc_GetTasks	PROCEDURE
dbo	proc_GetTovarByDistr	PROCEDURE
dbo	proc_GetView_CargoStatus	PROCEDURE
dbo	proc_GetView_CargoStatus_Detail	PROCEDURE
dbo	proc_GoodsCalcKU	PROCEDURE
dbo	proc_group_byval_order	PROCEDURE
dbo	proc_GTD_Parts	PROCEDURE
dbo	proc_GTD_Report	PROCEDURE
dbo	proc_HTTP_Get	PROCEDURE
dbo	proc_HTTP_Post	PROCEDURE
dbo	proc_HTTP_Post2	PROCEDURE
dbo	proc_Imort_OrdersSuppliers	PROCEDURE
dbo	proc_Import_BGLCAccConf	PROCEDURE
dbo	proc_Import_BillOfLading	PROCEDURE
dbo	proc_Import_BillOfLadingImp	PROCEDURE
dbo	proc_Import_ConfFillShipBGLC	PROCEDURE
dbo	proc_Import_Container_UL	PROCEDURE
dbo	proc_Import_Container_UL_old	PROCEDURE
dbo	proc_Import_Delivery_Period	PROCEDURE
dbo	proc_Import_DistributionTUGoods_FromXLS	PROCEDURE
dbo	proc_Import_DistrLocation_FromXLS	PROCEDURE
dbo	proc_Import_Excel_NRD_519	PROCEDURE
dbo	proc_Import_Excel_Priority_OTG_NRD	PROCEDURE
dbo	proc_Import_Excel_Priority_OTG_NRD_310	PROCEDURE
dbo	proc_Import_ExportContPLP	PROCEDURE
dbo	proc_Import_ExportContPLP_Check	PROCEDURE
dbo	proc_Import_From_CallTouch	PROCEDURE
dbo	proc_Import_FuelTransOrder	PROCEDURE
dbo	proc_Import_GoodsNomin_FromXLS	PROCEDURE
dbo	proc_Import_IntTrucking_FromXLS	PROCEDURE
dbo	proc_Import_Invoice_UL	PROCEDURE
dbo	proc_Import_Laydown_area	PROCEDURE
dbo	proc_Import_LoadingReq	PROCEDURE
dbo	proc_Import_MatesReceipt	PROCEDURE
dbo	proc_Import_MatesReceipt_Check	PROCEDURE
dbo	proc_Import_OrdersSuppliersRows	PROCEDURE
dbo	proc_Import_Pay_from_other_systems	PROCEDURE
dbo	proc_Import_Prod_PreCalculation	PROCEDURE
dbo	proc_Import_RailwayActs	PROCEDURE
dbo	proc_Import_RailwayActs2	PROCEDURE
dbo	proc_Import_RailwayActs3	PROCEDURE
dbo	proc_Import_RequestFromXLS	PROCEDURE
dbo	proc_Import_RoyStatFromXLS	PROCEDURE
dbo	proc_Import_Tally	PROCEDURE
dbo	proc_Import_Tally_Check	PROCEDURE
dbo	proc_Import_TransQuotas_FromXLS	PROCEDURE
dbo	proc_Import_UnLoadingReq	PROCEDURE
dbo	proc_Import3rdPatryOrder_FromXLS	PROCEDURE
dbo	proc_ImportAltaGTD	PROCEDURE
dbo	proc_ImportAutoData	PROCEDURE
dbo	proc_ImportContBillXML_File	PROCEDURE
dbo	proc_ImportDTStatement_ALTA	PROCEDURE
dbo	proc_ImportDTStatement_CTM	PROCEDURE
dbo	proc_ImportDTStatement_TKS	PROCEDURE
dbo	proc_ImportDTStatementXML_Dir	PROCEDURE
dbo	proc_ImportDTStatementXML_File	PROCEDURE
dbo	proc_ImportGTDXML_File	PROCEDURE
dbo	proc_ImportLinesSceduleXLS	PROCEDURE
dbo	proc_ImportNotSOF_FromXLS	PROCEDURE
dbo	proc_ImportRSN_FromXLS	PROCEDURE
dbo	proc_ImportRSNv2_FromXLS	PROCEDURE
dbo	proc_ImportSalesPlan	PROCEDURE
dbo	proc_ImportSIMatrixXLS	PROCEDURE
dbo	proc_ImportSOF_FromXLS	PROCEDURE
dbo	proc_ImportSubdivisionRec	PROCEDURE
dbo	proc_Insert_DocsIsxSchet	PROCEDURE
dbo	proc_Insert_Potrebnost_Stroka	PROCEDURE
dbo	proc_InsertContForTerminalChecking	PROCEDURE
dbo	proc_InsertCrossCurs	PROCEDURE
dbo	proc_InsertDeleteZakazSum	PROCEDURE
dbo	proc_InvoiceDistribut	PROCEDURE
dbo	proc_InvoiceListForAudit	PROCEDURE
dbo	proc_Link_Distr_Allocacion	PROCEDURE
dbo	proc_Link_Distr_RailwayBL	PROCEDURE
dbo	proc_Link_Distr_RailwayBL_List	PROCEDURE
dbo	proc_LinkTG	PROCEDURE
dbo	proc_LoadDataFromSeaTracking	PROCEDURE
dbo	proc_MakeGTDFree	PROCEDURE
dbo	proc_MakeMessageRead	PROCEDURE
dbo	proc_MarkOldDocs	PROCEDURE
dbo	proc_MoveCont2NewDistr	PROCEDURE
dbo	proc_MS_1CFin_GetBills	PROCEDURE
dbo	proc_MS_GetOutcomeEmail	PROCEDURE
dbo	proc_Notify_DISTRIB_NO_FACT_DATES	PROCEDURE
dbo	proc_OLS_ReportBonus	PROCEDURE
dbo	proc_OLS_ReportBonus_Detail	PROCEDURE
dbo	proc_OrderSuppliers_CheckCreateShip	PROCEDURE
dbo	proc_Otchet_Dlya_OV	PROCEDURE
dbo	proc_Otchet_po_pribyli	PROCEDURE
dbo	proc_OtchetIM40	PROCEDURE
dbo	proc_Parse_EDI	PROCEDURE
dbo	proc_Parse_EDI_Async	PROCEDURE
dbo	proc_ParseExpr	PROCEDURE
dbo	proc_ParseIF	PROCEDURE
dbo	proc_ParseIsNull	PROCEDURE
dbo	proc_ParseReplace	PROCEDURE
dbo	proc_PayMon_UpdateBalance	PROCEDURE
dbo	proc_PerformPreCalculation	PROCEDURE
dbo	proc_PlanFactOnCont	PROCEDURE
dbo	proc_PlatezhiPoVhodyashchimSchetam	PROCEDURE
dbo	proc_PluginLib_DistrRoutes	PROCEDURE
dbo	proc_portal_cahnge_roles_table	PROCEDURE
dbo	proc_portal_create_pagination	PROCEDURE
dbo	proc_portal_create_user_hash_column	PROCEDURE
dbo	proc_portal_distrib_active_filter	PROCEDURE
dbo	proc_portal_EditedFormsEditedDocsCargoFields	PROCEDURE
dbo	proc_portal_EditefFormsGetPORowFieldsTypes	PROCEDURE
dbo	proc_portal_get_filter_dates_values	PROCEDURE
dbo	proc_portal_get_pf_list_for_module	PROCEDURE
dbo	proc_portal_get_src_portal_distrib	PROCEDURE
dbo	proc_portal_GetAddFiledsNames1	PROCEDURE
dbo	proc_portal_GetAddFiledsNames2	PROCEDURE
dbo	proc_portal_pagedquery	PROCEDURE
dbo	proc_portal_setdefaults	PROCEDURE
dbo	proc_portal_setdefaults1	PROCEDURE
dbo	proc_portal_TableInformationSchemaGetColumnsFromSQLObject	PROCEDURE
dbo	proc_portal_TableInformationSchemaGetDistributionAdditionalFields	PROCEDURE
dbo	proc_portal_TableInformationSchemaGetDistributionTempUserFieldTable62Columns	PROCEDURE
dbo	proc_portal_TableInformationSchemaGetFreighttableProductsCondition1	PROCEDURE
dbo	proc_portal_TableInformationSchemaGetFreighttableProductsCondition2	PROCEDURE
dbo	proc_portal_TableInformationSchemaGetQuery	PROCEDURE
dbo	proc_portal_write_log	PROCEDURE
dbo	proc_PostJSON	PROCEDURE
dbo	proc_PrepareTablesForXMLImport	PROCEDURE
dbo	proc_Pribyl_Ubytki	PROCEDURE
dbo	proc_Pribyl_Ubytki_Novaya	PROCEDURE
dbo	proc_Pribyl_Ubytki_Universalnaya	PROCEDURE
dbo	proc_Print_Form_Reliz	PROCEDURE
dbo	proc_PrintBrokerFile	PROCEDURE
dbo	proc_PrintForm_AktNoTarif	PROCEDURE
dbo	proc_PrintForm_AktTarif	PROCEDURE
dbo	proc_PrintForm_AktValyutnyj	PROCEDURE
dbo	proc_PrintForm_AktValyutnyj_Agentskij	PROCEDURE
dbo	proc_PrintForm_AktValyutnyj_Vh	PROCEDURE
dbo	proc_PrintForm_AktValyutnyjPrilozhenie	PROCEDURE
dbo	proc_PrintForm_AktValyutnyjPrilozhenie_Vh	PROCEDURE
dbo	proc_PrintForm_AppendixForExpRep	PROCEDURE
dbo	proc_PrintForm_AppForLoading	PROCEDURE
dbo	proc_PrintForm_AppToInsComp	PROCEDURE
dbo	proc_PrintForm_Booking	PROCEDURE
dbo	proc_PrintForm_CARGO_DECLARATION	PROCEDURE
dbo	proc_PrintForm_CMR	PROCEDURE
dbo	proc_PrintForm_Cont_ContractApplicationForm	PROCEDURE
dbo	proc_PrintForm_Cust_LO_weight	PROCEDURE
dbo	proc_PrintForm_DemPayAgr	PROCEDURE
dbo	proc_PrintForm_Distr_AktOSD	PROCEDURE
dbo	proc_PrintForm_Distr_AuthorizationForDriver	PROCEDURE
dbo	proc_PrintForm_Distr_Booking	PROCEDURE
dbo	proc_PrintForm_Distr_CargoListDetailed	PROCEDURE
dbo	proc_PrintForm_Distr_CMR	PROCEDURE
dbo	proc_PrintForm_Distr_ContractForwarder	PROCEDURE
dbo	proc_PrintForm_Distr_ExpeditorVoucher	PROCEDURE
dbo	proc_PrintForm_Distr_ExportOrder1	PROCEDURE
dbo	proc_PrintForm_Distr_ExportOrder2	PROCEDURE
dbo	proc_PrintForm_Distr_OrderLetter	PROCEDURE
dbo	proc_PrintForm_Distr_OrderToExpeditor	PROCEDURE
dbo	proc_PrintForm_Distr_OrderToExpeditorNoTable	PROCEDURE
dbo	proc_PrintForm_Distr_OrderToExpeditorUsl	PROCEDURE
dbo	proc_PrintForm_Distr_PackUnloadOrder	PROCEDURE
dbo	proc_PrintForm_Distr_RelizQuery	PROCEDURE
dbo	proc_PrintForm_Distr_TN	PROCEDURE
dbo	proc_PrintForm_Distr_VGMRequest	PROCEDURE
dbo	proc_PrintForm_Distr_ZayavkaClient	PROCEDURE
dbo	proc_PrintForm_Distr_ZayavkaDogovor	PROCEDURE
dbo	proc_PrintForm_Distr_ZayavkaNaPerevozku	PROCEDURE
dbo	proc_PrintForm_Distr_ZayavkaNaPerevozku_Cargo	PROCEDURE
dbo	proc_PrintForm_Distr_ZayavkaNaPerevozkuCalc	PROCEDURE
dbo	proc_PrintForm_Distr_ZayavkaNaPerevozkuCalc_–‡Ò˜ÂÚ	PROCEDURE
dbo	proc_PrintForm_DogovorEkspeditora	PROCEDURE
dbo	proc_PrintForm_DogovorEkspeditora2	PROCEDURE
dbo	proc_PrintForm_Doverennost	PROCEDURE
dbo	proc_PrintForm_Ekspeditorskaya_raspiskaPP	PROCEDURE
dbo	proc_PrintForm_Ekspeditorskaya_raspiskaPP_All	PROCEDURE
dbo	proc_PrintForm_Ekspeditorskaya_raspiskaPP_tbl	PROCEDURE
dbo	proc_PrintForm_EksportMore	PROCEDURE
dbo	proc_PrintForm_EksportnoePoruchenie	PROCEDURE
dbo	proc_PrintForm_EksportnyjBuking	PROCEDURE
dbo	proc_PrintForm_EkspPoruchNaOtgruzku1	PROCEDURE
dbo	proc_PrintForm_EkspPoruchNaOtgruzku2	PROCEDURE
dbo	proc_PrintForm_EkspPoruchNaOtgruzku3	PROCEDURE
dbo	proc_PrintForm_IncomeReport	PROCEDURE
dbo	proc_PrintForm_Invoice	PROCEDURE
dbo	proc_PrintForm_Invoice_ART	PROCEDURE
dbo	proc_PrintForm_Invoice_HLM	PROCEDURE
dbo	proc_PrintForm_KP	PROCEDURE
dbo	proc_PrintForm_KP_AllService	PROCEDURE
dbo	proc_PrintForm_KP_Gruzy	PROCEDURE
dbo	proc_PrintForm_KP_Tovary	PROCEDURE
dbo	proc_PrintForm_Manifest	PROCEDURE
dbo	proc_PrintForm_OrderForShipmentExport	PROCEDURE
dbo	proc_PrintForm_OrderLetter	PROCEDURE
dbo	proc_PrintForm_OrderSupplier	PROCEDURE
dbo	proc_PrintForm_Otchet_ekspeditora_vozm	PROCEDURE
dbo	proc_PrintForm_OtchetPoKontraktu	PROCEDURE
dbo	proc_PrintForm_OtchetPoKontraktu_Platezhi	PROCEDURE
dbo	proc_PrintForm_OtchetTamozhPredstav	PROCEDURE
dbo	proc_PrintForm_PoruchEkspeditoru	PROCEDURE
dbo	proc_PrintForm_PoruchEkspeditoru_ART	PROCEDURE
dbo	proc_PrintForm_PoruchEkspeditoru2	PROCEDURE
dbo	proc_PrintForm_PoruchEkspeditoruPP	PROCEDURE
dbo	proc_PrintForm_PoruchEkspeditoruPPUsl	PROCEDURE
dbo	proc_PrintForm_PoruchEkspeditoruPR	PROCEDURE
dbo	proc_PrintForm_PoruchenieNaOtgruzku	PROCEDURE
dbo	proc_PrintForm_Pril	PROCEDURE
dbo	proc_PrintForm_PrilEksportnogoPorucheniya	PROCEDURE
dbo	proc_PrintForm_ReestrSchetov	PROCEDURE
dbo	proc_PrintForm_RelizQuery	PROCEDURE
dbo	proc_PrintForm_Requirements_Sticker	PROCEDURE
dbo	proc_PrintForm_ReturnFromCustoms	PROCEDURE
dbo	proc_PrintForm_RigisterNDS0	PROCEDURE
dbo	proc_PrintForm_Schet	PROCEDURE
dbo	proc_PrintForm_Schet_ART	PROCEDURE
dbo	proc_PrintForm_Schet_Bux	PROCEDURE
dbo	proc_PrintForm_Schet_Bux_ART	PROCEDURE
dbo	proc_PrintForm_Schet_Bux_HLM	PROCEDURE
dbo	proc_PrintForm_Schet_HLM	PROCEDURE
dbo	proc_PrintForm_SchetFactura	PROCEDURE
dbo	proc_PrintForm_SchetFaktura	PROCEDURE
dbo	proc_PrintForm_SchetFaktura_NEW1	PROCEDURE
dbo	proc_PrintForm_SchetFaktura_Vh	PROCEDURE
dbo	proc_PrintForm_SkladDocument	PROCEDURE
dbo	proc_PrintForm_SmetaPoZakazu	PROCEDURE
dbo	proc_PrintForm_Spravka_dlya_tamozhni	PROCEDURE
dbo	proc_PrintForm_Task_Docs	PROCEDURE
dbo	proc_PrintForm_TN	PROCEDURE
dbo	proc_PrintForm_UPD	PROCEDURE
dbo	proc_PrintForm_UPD_NEW1	PROCEDURE
dbo	proc_PrintForm_ZakazPostavshchiku	PROCEDURE
dbo	proc_PrintForm_ZaprosNaPorozhnyak	PROCEDURE
dbo	proc_PrintForm_ZayavkaNaDosmotr	PROCEDURE
dbo	proc_PrintForm_ZayavkaNaDosmotr2	PROCEDURE
dbo	proc_PrintForm_ZayavkaNaPerevozku	PROCEDURE
dbo	proc_PrintForm_ZayavkaNaPerevozku_Raschet	PROCEDURE
dbo	proc_PrintForm_ZayavkaPLP	PROCEDURE
dbo	proc_PrintForm_ZayavleniePSM	PROCEDURE
dbo	proc_PrintFormInvoice	PROCEDURE
dbo	proc_PrintGoodsAccAkt	PROCEDURE
dbo	proc_PrintMarginAll	PROCEDURE
dbo	proc_ProcessContDiffBill	PROCEDURE
dbo	proc_ReadExcel	PROCEDURE
dbo	proc_ReadExcel2	PROCEDURE
dbo	proc_RealizaciyaTovarovIUslug	PROCEDURE
dbo	proc_Report_Balans	PROCEDURE
dbo	proc_Report_CashFlowArticles	PROCEDURE
dbo	proc_Report_KA_MOG_Plan	PROCEDURE
dbo	proc_Report_KA_TE	PROCEDURE
dbo	proc_Report_KA_TE_MOG	PROCEDURE
dbo	proc_Report_KA_TE_MOG_KA	PROCEDURE
dbo	proc_Report_KassovayaKniga	PROCEDURE
dbo	proc_Report_OtchetPoOplatam	PROCEDURE
dbo	proc_Report_OtchetTamozhennogoPredstavitelya	PROCEDURE
dbo	proc_Report_Profit	PROCEDURE
dbo	proc_Report_Reestr_strahovaniya	PROCEDURE
dbo	proc_Report_Traceability	PROCEDURE
dbo	proc_Report_VypiskaPoSchetu	PROCEDURE
dbo	proc_ReportFinance1	PROCEDURE
dbo	proc_ReportGTDSpisaniya	PROCEDURE
dbo	proc_ReportPlanFactAnalize	PROCEDURE
dbo	proc_ReportPribilUbytki	PROCEDURE
dbo	proc_ReportSalesFunnel	PROCEDURE
dbo	proc_ReportSettlements	PROCEDURE
dbo	proc_ReportSettlementsDetail	PROCEDURE
dbo	proc_ReportSverkaClient	PROCEDURE
dbo	proc_ReportSverkaClient_Periods	PROCEDURE
dbo	proc_ReportSverkaClient2	PROCEDURE
dbo	proc_ReportSverkaClientBuh	PROCEDURE
dbo	proc_ReportSverkaClientBuh_Periods	PROCEDURE
dbo	proc_ReportSverkaClientDetail	PROCEDURE
dbo	proc_ReportSvodnyProfit	PROCEDURE
dbo	proc_RequestHttpWebService	PROCEDURE
dbo	proc_Reset_Shipment_Actual	PROCEDURE
dbo	proc_RestoreDTDates	PROCEDURE
dbo	proc_Run_BP	PROCEDURE
dbo	proc_Run_BP_CreateTask	PROCEDURE
dbo	proc_Run_BP_Timer	PROCEDURE
dbo	proc_Saldo_raschetov	PROCEDURE
dbo	proc_Save1CEnterpriseData	PROCEDURE
dbo	proc_SearchNominInBill	PROCEDURE
dbo	proc_Send_1CEnterpriseData_Cargo_Message	PROCEDURE
dbo	proc_Send_1CEnterpriseData_CTD_Message	PROCEDURE
dbo	proc_Send_1CEnterpriseData_Place_Message	PROCEDURE
dbo	proc_Send_1CEnterpriseData_ShipOrder_Message	PROCEDURE
dbo	proc_Send_All_Release_EDI	PROCEDURE
dbo	proc_Send_AllocMessage	PROCEDURE
dbo	proc_Send_APERAK	PROCEDURE
dbo	proc_Send_APERAK_DT	PROCEDURE
dbo	proc_Send_Customs_Message	PROCEDURE
dbo	proc_Send_DataFactMessage	PROCEDURE
dbo	proc_Send_ED_Message	PROCEDURE
dbo	proc_Send_Equipment_Message	PROCEDURE
dbo	proc_Send_Notify	PROCEDURE
dbo	proc_Send_Notify_BP	PROCEDURE
dbo	proc_Send_Notify_Universal	PROCEDURE
dbo	proc_Send_Order_Message	PROCEDURE
dbo	proc_Send_OrderSupplier_Message	PROCEDURE
dbo	proc_Send_RS_Message	PROCEDURE
dbo	proc_Send_Shipment_Message	PROCEDURE
dbo	proc_Send_TE_Type_Message	PROCEDURE
dbo	proc_Send_Transfer_Message	PROCEDURE
dbo	proc_Send_Transport_Message	PROCEDURE
dbo	proc_Send_XDI_Message	PROCEDURE
dbo	proc_Send1CEnterpriseData	PROCEDURE
dbo	proc_SendCommentsMessages	PROCEDURE
dbo	proc_SendCreditToOrders	PROCEDURE
dbo	proc_SendMail	PROCEDURE
dbo	proc_SendPUSH_FCM	PROCEDURE
dbo	proc_set_Counteragent_Finvald_info	PROCEDURE
dbo	proc_Set_Task_Object_Name	PROCEDURE
dbo	proc_set_the_current_location_of_railway_containers	PROCEDURE
dbo	proc_set_the_current_location_of_railway_containers_base	PROCEDURE
dbo	proc_SetAccountingPlans	PROCEDURE
dbo	proc_SetContBillPayDate	PROCEDURE
dbo	proc_SetDateVivosKont	PROCEDURE
dbo	proc_SetOrder_ContList	PROCEDURE
dbo	proc_Shipments_CheckSplit	PROCEDURE
dbo	proc_Split_Series	PROCEDURE
dbo	proc_Split_Shipment_ByInvoice	PROCEDURE
dbo	proc_SplitPrihodByStructRashodOtschipenec	PROCEDURE
dbo	proc_SummaryReport_PotentialClients	PROCEDURE
dbo	proc_SvodnyjZHurnalCS	PROCEDURE
dbo	proc_Sync_Distr_Shipment	PROCEDURE
dbo	proc_Sync_Order_Shipment	PROCEDURE
dbo	proc_Sync_PO_SIMatrix	PROCEDURE
dbo	proc_Sync_Shipment_Distr	PROCEDURE
dbo	proc_Sync_TSEquipment	PROCEDURE
dbo	proc_Trace_Railwagonlocation	PROCEDURE
dbo	proc_Translate_RUEN	PROCEDURE
dbo	proc_Transport_Doc	PROCEDURE
dbo	proc_TSEquipmentTool_CheckVidDostavki	PROCEDURE
dbo	proc_TSEquipmentTool_GetShip	PROCEDURE
dbo	proc_UnitedJournal	PROCEDURE
dbo	proc_UnLink_Distr_Allocacion	PROCEDURE
dbo	proc_UnLinkBillFromCalc	PROCEDURE
dbo	proc_Unzip	PROCEDURE
dbo	proc_Update_BILL_ID_GTD	PROCEDURE
dbo	proc_Update_Delivery_Period	PROCEDURE
dbo	proc_Update_Distr_Cont	PROCEDURE
dbo	proc_Update_Distr_Instruction	PROCEDURE
dbo	proc_Update_Distr_RemoveTE	PROCEDURE
dbo	proc_update_GTD_Distrib_TS_TE	PROCEDURE
dbo	proc_Update_OpTable	PROCEDURE
dbo	proc_Update_OpTable_Internal	PROCEDURE
dbo	proc_Update_PlanPayment_SummDate	PROCEDURE
dbo	proc_Update_RDLink	PROCEDURE
dbo	proc_Update_Shipment_Country	PROCEDURE
dbo	proc_Update_Shipment_Order	PROCEDURE
dbo	proc_Update_Sostav	PROCEDURE
dbo	proc_Update_Sostav_Distr	PROCEDURE
dbo	proc_UpdateAllContainerSums	PROCEDURE
dbo	proc_UpdateAutoTarif	PROCEDURE
dbo	proc_UpdateAutoTarif_Dosmotr	PROCEDURE
dbo	proc_UpdateAutoTarif_Rate	PROCEDURE
dbo	proc_UpdateAutoTarif_Rate_DemFre	PROCEDURE
dbo	proc_UpdateAutoTarif_Rate_DirIncome	PROCEDURE
dbo	proc_UpdateAutoTarifGTD	PROCEDURE
dbo	proc_UpdateBanks	PROCEDURE
dbo	proc_UpdateContCalcSums	PROCEDURE
dbo	proc_UpdateContLastReliz	PROCEDURE
dbo	proc_UpdateContLastTrip	PROCEDURE
dbo	proc_UpdateContStatus	PROCEDURE
dbo	proc_UpdateContSums	PROCEDURE
dbo	proc_UpdateContSums_OfSchet	PROCEDURE
dbo	proc_UpdateContSumsAll	PROCEDURE
dbo	proc_UpdateDeclSumFrom	PROCEDURE
dbo	proc_UpdateDeclSums	PROCEDURE
dbo	proc_UpdateDeclSums_OfSchet	PROCEDURE
dbo	proc_UpdateDistr_Ekspedirovanie	PROCEDURE
dbo	proc_UpdateDistrDirectIncome	PROCEDURE
dbo	proc_UpdateDistrSummFromDep	PROCEDURE
dbo	proc_UpdateDistrTSFromPortal	PROCEDURE
dbo	proc_UpdateDopInfo_Cont	PROCEDURE
dbo	proc_UpdateDopInfo_Distr	PROCEDURE
dbo	proc_UpdateDopInfo_GTD	PROCEDURE
dbo	proc_UpdateDopInfo_Query	PROCEDURE
dbo	proc_UpdateDopInfoDistrsByTEORDER	PROCEDURE
dbo	proc_UpdateFieldsGTD	PROCEDURE
dbo	proc_UpdateHSCodes	PROCEDURE
dbo	proc_UpdateOwnFirmInDistr	PROCEDURE
dbo	proc_UpdatePlanMarkers	PROCEDURE
dbo	proc_UpdatePOFromDistr	PROCEDURE
dbo	proc_UpdateRaschet	PROCEDURE
dbo	proc_UpdateRefNumbersCont	PROCEDURE
dbo	proc_UpdateRegistrKursRazn	PROCEDURE
dbo	proc_UpdateRespInDistr	PROCEDURE
dbo	proc_UpdateShipment_FromPO	PROCEDURE
dbo	proc_UpdateShipment_ProbuctLine	PROCEDURE
dbo	proc_UpdateShipmentFromDistr	PROCEDURE
dbo	proc_UpdateShipmentFromDistr_DT	PROCEDURE
dbo	proc_UpdateTaskLastActivity	PROCEDURE
dbo	proc_UpdateUpLevelParam	PROCEDURE
dbo	proc_UpdateZakazSum	PROCEDURE
dbo	proc_UpdateZakazSum_FromBill	PROCEDURE
dbo	proc_UpdateZakazSum_OfSchet	PROCEDURE
dbo	proc_UpdateZakazSumFromUsluga	PROCEDURE
dbo	proc_UserJournal_NotClosedZakaz	PROCEDURE
dbo	proc_Utils_GetBillZNO	PROCEDURE
dbo	proc_Utils_GetContTE	PROCEDURE
dbo	proc_Utils_GetTarifTransQ	PROCEDURE
dbo	proc_Utils_GetZNOCalc	PROCEDURE
dbo	proc_Utils_PersonKAType	PROCEDURE
dbo	proc_view_GridRaznoska	PROCEDURE
dbo	proc_view_Rejs_Postavka_Tovar	PROCEDURE
dbo	proc_view_Zayavki_po_Zakazu	PROCEDURE
dbo	proc_Widget_ClientsFunnel	PROCEDURE
dbo	proc_Widget_CreditDebt	PROCEDURE
dbo	proc_Widget_DailySummary	PROCEDURE
dbo	proc_Widget_DebitDebt	PROCEDURE
dbo	proc_Widget_ProfitByClient	PROCEDURE
dbo	proc_Widget_ProfitByNomin	PROCEDURE
dbo	proc_Widget_QueryFunnel	PROCEDURE
dbo	proc_Widget_Top5Creditors	PROCEDURE
dbo	proc_Widget_Top5Creditors_BDS	PROCEDURE
dbo	proc_Widget_Top5Debtors	PROCEDURE
dbo	proc_Widget_Top5Debtors_BDS	PROCEDURE
dbo	proc_WorkScheme	PROCEDURE
dbo	proc_WorkScheme_Portal	PROCEDURE
dbo	proc_XmlImportBusinessProcess	PROCEDURE
dbo	procAddCargoToZakazFromJurnal	PROCEDURE
dbo	procAddCurrencyRate	PROCEDURE
dbo	procAddEditAutomaticOperations	PROCEDURE
dbo	procAddNewGroup	PROCEDURE
dbo	procAddUserToGroup	PROCEDURE
dbo	procAuthCreateLogin	PROCEDURE
dbo	procAuthCreateUser	PROCEDURE
dbo	procAuthCreateUserSettingsFromEtalon	PROCEDURE
dbo	procAuthKillSession	PROCEDURE
dbo	procAuthUpdateUserPerson	PROCEDURE
dbo	procAvtoraznoski	PROCEDURE
dbo	procCheckConnectUser	PROCEDURE
dbo	procCheckDayoff	PROCEDURE
dbo	procCheckDoubleNumber	PROCEDURE
dbo	procCheckGTD_Kont	PROCEDURE
dbo	procCheckRefNumber	PROCEDURE
dbo	procCheckRefNumber2	PROCEDURE
dbo	procClearOldEDIMessages	PROCEDURE
dbo	procClearOldEvents	PROCEDURE
dbo	procContAutoBinding	PROCEDURE
dbo	procConverterConteiner_Cargo	PROCEDURE
dbo	procConvertSumsPaymentPlan	PROCEDURE
dbo	procConvertSumsPaymentReq	PROCEDURE
dbo	procConvertSumsSchet	PROCEDURE
dbo	procCopyConosament_Trip	PROCEDURE
dbo	procCopyConosaments_Trips	PROCEDURE
dbo	procCopyContInfo	PROCEDURE
dbo	procCopyDocuments	PROCEDURE
dbo	procCopyFilter	PROCEDURE
dbo	procCopyLayout	PROCEDURE
dbo	procCopyOrAddRights	PROCEDURE
dbo	procCopyRequestInfo	PROCEDURE
dbo	procCopyRouteTransaction	PROCEDURE
dbo	procCopySettings	PROCEDURE
dbo	procCopySettingsAll	PROCEDURE
dbo	procCopyTask	PROCEDURE
dbo	procCopyTrebDocuments	PROCEDURE
dbo	procCopyTripFromConosament	PROCEDURE
dbo	procCopyTripTransaction	PROCEDURE
dbo	procCopyUserAsNew	PROCEDURE
dbo	procCopyVariant	PROCEDURE
dbo	procCreateAutomaticOperations	PROCEDURE
dbo	procCreateAutomaticTrips	PROCEDURE
dbo	procCreateAutomaticTripsForTransRequest	PROCEDURE
dbo	procCreateInsertTriggers	PROCEDURE
dbo	procCreateNewUser	PROCEDURE
dbo	procCreateRootOperations	PROCEDURE
dbo	procCreateTempUserFieldTable	PROCEDURE
dbo	procDeleteRate	PROCEDURE
dbo	procDeleteRaznoska	PROCEDURE
dbo	procDevideCont	PROCEDURE
dbo	procDosmotrMaxDateAndKolvoDosmotr	PROCEDURE
dbo	procDropGroup	PROCEDURE
dbo	procDropInsertTriggers	PROCEDURE
dbo	procDropLoginFromSingleDB	PROCEDURE
dbo	procDropUFDataType	PROCEDURE
dbo	procDropUser	PROCEDURE
dbo	procDropUserFromAllGroups	PROCEDURE
dbo	procDropUserFromGroup	PROCEDURE
dbo	procDropUserFromSingleDB	PROCEDURE
dbo	procDUSavePKT	PROCEDURE
dbo	procEditTempUserFieldTable	PROCEDURE
dbo	procExecPackage3028	PROCEDURE
dbo	procExecPackageExpeditorZakazchik	PROCEDURE
dbo	procExecPackageExportPlatTo1C8	PROCEDURE
dbo	procExecPackageExportTo1C8	PROCEDURE
dbo	procExecPackageExportToMySQL	PROCEDURE
dbo	procExecPackageSendMail	PROCEDURE
dbo	procGeneraterRefNew	PROCEDURE
dbo	procGeneraterRefNumberFromKA	PROCEDURE
dbo	procGetAccessTypesContragent	PROCEDURE
dbo	procGetAccountOplataDate	PROCEDURE
dbo	procGetAccountOplataDate_New	PROCEDURE
dbo	procGetActions	PROCEDURE
dbo	procGetAdjustableFields	PROCEDURE
dbo	procGetAllColumnFilteredObject	PROCEDURE
dbo	procGetContForTrans	PROCEDURE
dbo	procGetContGruzArray	PROCEDURE
dbo	procGetContGruzArrayLinks	PROCEDURE
dbo	procGetContList	PROCEDURE
dbo	procGetContListDistr	PROCEDURE
dbo	procGetContListForStrax	PROCEDURE
dbo	procGetCursTable	PROCEDURE
dbo	procGetDocuments	PROCEDURE
dbo	procGetDUInfo	PROCEDURE
dbo	procGetFileDocuments	PROCEDURE
dbo	procGetFilteredContragents	PROCEDURE
dbo	procGetGTDAccounts	PROCEDURE
dbo	procGetLastCursTable	PROCEDURE
dbo	procGetLastDateCurs	PROCEDURE
dbo	procGetListContragents	PROCEDURE
dbo	procGetListHandlingPlace	PROCEDURE
dbo	procGetMessageCount	PROCEDURE
dbo	procGetNasPunk	PROCEDURE
dbo	procGetNumUserInAllForLogin	PROCEDURE
dbo	procGetPlanDayTrans	PROCEDURE
dbo	procGetPribilPeriod	PROCEDURE
dbo	procGetPribilPeriod_Fraht_Vyvoz	PROCEDURE
dbo	procGetPribilPeriodTA	PROCEDURE
dbo	procGetPrimechanie	PROCEDURE
dbo	procGetSchet_RasSchet	PROCEDURE
dbo	procGetSecondDay	PROCEDURE
dbo	procGetSecurityRightsAndAssignToGroup	PROCEDURE
dbo	procGetStatusBarText	PROCEDURE
dbo	procGetStringName	PROCEDURE
dbo	procGetUserFieldValue	PROCEDURE
dbo	procGetUsersFormLayouts	PROCEDURE
dbo	procGetUsersPrintFormLayouts	PROCEDURE
dbo	procGetVCard	PROCEDURE
dbo	procGetView	PROCEDURE
dbo	procGetViewContAccountPanel	PROCEDURE
dbo	procGetViewMarshrut	PROCEDURE
dbo	procGetViewText	PROCEDURE
dbo	procGetViewZHurnalIskhodyashchihPlatezhej	PROCEDURE
dbo	procGetViewZHurnalIskhodyashchihSchetov	PROCEDURE
dbo	procGetViewZHurnalVhodyashchihPlatezhej	PROCEDURE
dbo	procGetViewZHurnalVhodyashchihSchetov	PROCEDURE
dbo	procGetWorkDay	PROCEDURE
dbo	procGrantSaToUser	PROCEDURE
dbo	procImportCargoXLS	PROCEDURE
dbo	procImportCargoXLS_Check	PROCEDURE
dbo	procImportConrtagentFromXLS	PROCEDURE
dbo	procImportDocFromXLS	PROCEDURE
dbo	procImportFromMDCRM	PROCEDURE
dbo	procImportGoods_FromXLS	PROCEDURE
dbo	procImportGTD	PROCEDURE
dbo	procImportGTD_ALTA	PROCEDURE
dbo	procImportGTD_CTM	PROCEDURE
dbo	procImportGTD_CTM_XML	PROCEDURE
dbo	procImportGTD_SQL2008	PROCEDURE
dbo	procImportGTD_Status	PROCEDURE
dbo	procImportGTD_Status_SQL2008	PROCEDURE
dbo	procImportGTD_TKS	PROCEDURE
dbo	procImportInvoice	PROCEDURE
dbo	procImportInvoice1C	PROCEDURE
dbo	procImportOstatki1C	PROCEDURE
dbo	procImportOSV_FromXLS	PROCEDURE
dbo	procImportPersoneFromXLS	PROCEDURE
dbo	procImportPlaceCargoXLS	PROCEDURE
dbo	procImportPlat1C	PROCEDURE
dbo	procImportPlat1C_NEW	PROCEDURE
dbo	procImportRelations_FromXLS	PROCEDURE
dbo	procImportRoute_FromXLS	PROCEDURE
dbo	procImportRZHD	PROCEDURE
dbo	procImportTarifs_FromXLS	PROCEDURE
dbo	procImportTransportationSchemeExp	PROCEDURE
dbo	procImportTransportationSchemeImp	PROCEDURE
dbo	procImportTransportXLS	PROCEDURE
dbo	procImportUFFromXLS	PROCEDURE
dbo	procImportUpdateConrtagentFromXLS	PROCEDURE
dbo	procImportUslugaFromXLS	PROCEDURE
dbo	procInsertAccount	PROCEDURE
dbo	procInsertNewAction	PROCEDURE
dbo	procInsertNewRow	PROCEDURE
dbo	procIsNoPref	PROCEDURE
dbo	procMergeContragents	PROCEDURE
dbo	procMergeRecords	PROCEDURE
dbo	procOpenClosePeriod	PROCEDURE
dbo	procPrintForm_ZayavkaNaGruz	PROCEDURE
dbo	procRebuild_TempUserFieldTablePivotedView	PROCEDURE
dbo	procResetLayout	PROCEDURE
dbo	procReturnDefaultContact	PROCEDURE
dbo	procReturnDUFileID	PROCEDURE
dbo	procRevokeSaFromUser	PROCEDURE
dbo	procSelectionBasedOnLinkedTables	PROCEDURE
dbo	procSendDistrReminder	PROCEDURE
dbo	procSendDistrReminder_CBL	PROCEDURE
dbo	procSendDocEndReminder	PROCEDURE
dbo	procSendMessageContarent	PROCEDURE
dbo	procSendSMS	PROCEDURE
dbo	procSendTaskReminder	PROCEDURE
dbo	procSetUserName	PROCEDURE
dbo	procTestJournal	PROCEDURE
dbo	procUpdateAutomaticOperations	PROCEDURE
dbo	procUpdateAutomaticTripsForTransRequest	PROCEDURE
dbo	procUpdateContSumFromUsluga	PROCEDURE
dbo	procUpdateDeclSumFromUsluga	PROCEDURE
dbo	procUpdateDocument_SizeOfFiles	PROCEDURE
dbo	procUpdateKonosament	PROCEDURE
dbo	procUpdateRights	PROCEDURE
dbo	procUpdateSummZayavkaNaOplatu	PROCEDURE
dbo	procUpdateTaskDate	PROCEDURE
dbo	procUpdateZakazFromGruzZakaz	PROCEDURE
dbo	procUpdateZakazSumFromDeclCont	PROCEDURE
dbo	procUpdateZakazSumFromUsluga	PROCEDURE
dbo	procView_Kontragent_TS	PROCEDURE
dbo	procViewBalance	PROCEDURE
dbo	procViewBalance_BDS	PROCEDURE
dbo	procViewBalance_Poluch	PROCEDURE
dbo	procViewBalance_Poluch_BDS	PROCEDURE
dbo	procViewBalanceCommon	PROCEDURE
dbo	procViewBalanceExt	PROCEDURE
dbo	procViewBalanceExt_All	PROCEDURE
dbo	procViewBalanceExt_BDS	PROCEDURE
dbo	procViewBalancePeriod	PROCEDURE
dbo	procZavershitSchetaPlatezhi	PROCEDURE
dbo	procZHurnalDokumentov	PROCEDURE
dbo	ReadFromFile	PROCEDURE
dbo	ReportSverkaClientForPanel	PROCEDURE
inf	RunAsyncExecute	PROCEDURE
dbo	up_GetPPInvoiceDocs4VKUVED	PROCEDURE
dbo	WriteToFile	PROCEDURE
dbo	WriteToFileBin	PROCEDURE

(Ó·‡·ÓÚ‡ÌÓ ÒÚÓÍ: 1556)
