dbo	__Data_TE	15
dbo	_Daily_Report	0
dbo	Agent_Layout	0
dbo	ApiClients	0
dbo	AuthResult	309
dbo	CacheVersion	7
dbo	chat_info_lastmessages	0
dbo	chat_info_messages	0
dbo	CheckTerminalTable	0
dbo	CMR	0
dbo	CMR_Контейнер	0
dbo	CountryCodes	249
dbo	CreatedLogins	1
dbo	Custom_Integration_1C_CS	0
dbo	Custom_Integration_BITFinance	0
dbo	Custom_Integration_CallTouch	0
dbo	Custom_Integration_EGGER	0
dbo	Custom_Integration_PMI	0
dbo	Custom_Integration_PMI_Routing	0
dbo	DECL_G47	0
dbo	EcranCreateOrdersSup	1
dbo	EDI_COREOR	0
dbo	EDI_EQUIPMENT_SUPPLIER_CODE	2
dbo	EDI_FULL_OR_EMPTY_INDICATOR_CODE	2
dbo	EDI_Log	0
dbo	EDI_Message	0
dbo	EDI_Message_Income	0
dbo	EDI_Message_Outcome	0
dbo	EDI_Message_Outcome_Files	0
dbo	EDI_Message_State	0
dbo	EDI_Message_Type	108
dbo	EDI_Status	12
dbo	EDI_Маршрутизация	0
dbo	EDI_РольКонтрагента	2
dbo	EDI_Сообщения	0
dbo	EDI_Форматы	2
dbo	en	0
dbo	Import_CargoXLS	30
dbo	Import_Excel_ПредварительныйРасчет	0
dbo	Import_FromMDCRM	0
dbo	Import_Invoice	3
dbo	Import_Invoice_UL	1
dbo	Import_Invoice_UL_SKU_KIT	0
dbo	Import_NRD_519	0
dbo	Import_Payment	0
dbo	LoadTest	0
dbo	Localization	0
dbo	Log	88
dbo	LogTable	11
dbo	MailLog	0
dbo	MailLogType	4
dbo	MailRolisEvents	0
dbo	messages_groups	0
dbo	messages_groups_files	0
dbo	messages_groups_last_message	0
dbo	messages_groups_messages	0
dbo	messages_groups_objects	0
dbo	messages_groups_readed	0
dbo	messages_groups_users	0
dbo	messages_last_messages	0
dbo	Packaging_danger_level_code	4
dbo	portal_audit	432
dbo	portal_doc_required_fields	0
dbo	portal_extreme_journals_layouts	0
dbo	portal_extreme_journals_layouts_bindings	0
dbo	portal_FieldsMobileView	0
dbo	portal_FieldsShortView	0
dbo	portal_filter_active	0
dbo	portal_filter_dates	0
dbo	portal_filter_dates_values	0
dbo	portal_filter_last_customer_status	0
dbo	portal_filters_dates_last_access	0
dbo	portal_grid_layout	107
dbo	portal_groups	1
dbo	portal_groups_in_roles	0
dbo	portal_help	19
dbo	portal_journals_list	1
dbo	portal_last_system_messages	0
dbo	portal_lesson_showed	0
dbo	portal_locked_users_temp	0
dbo	portal_logo	0
dbo	portal_mail_reports	1
dbo	portal_message_readed	0
dbo	portal_message_readed_person	0
dbo	portal_notifications	0
dbo	portal_notifications_user_options	8
dbo	portal_options	5
dbo	portal_otg_instances	0
dbo	portal_otg_instances_details	0
dbo	portal_queries_log	0
dbo	portal_roles	360
dbo	portal_settings	1
dbo	portal_temp_modifieddataids	0
dbo	portal_timer_iterate	0
dbo	portal_tmp_upas	0
dbo	portal_userfields_roles	0
dbo	portal_users	1
dbo	portal_users_filters	0
dbo	portal_users_firms	0
dbo	portal_users_in_groups	1
dbo	portal_users_sessions	0
dbo	portal_users_tokens	0
dbo	portal_usersinroles	628
dbo	portal_ДокументСкачан	0
dbo	portal_ДокументыСкачаны	0
dbo	RefreshTokens	0
dbo	ru	0
dbo	SchemaInfo	2
dbo	SecurityGroupAssigns	1
dbo	SecurityGroups	8
dbo	SecurityRight	16714
dbo	SecurityRightAssign	26047
dbo	SecurityRightTemp	16366
dbo	Sessions	0
dbo	SN_Logismart	0
dbo	SubdivisionCodes	4714
dbo	SubdivisionCodesRU	86
dbo	t_HOTTAH_log	0
dbo	Table_1	0
dbo	TableBalanceAll	0
dbo	Temp_decl	15
dbo	Temp_Gruz_Invoice	0
dbo	TEMP_IMPORT_DBF_ACCOUNT	10
dbo	Temp_Import_Invoice_UL	0
dbo	Temp_NEST	70
dbo	Temp_QWERTY	158
dbo	TEMP_T_GRUZ	1287
dbo	Temp_TableCustomSums	0
dbo	Temp_TableGTDXML	1
dbo	TEMP_TEMP_1	0
dbo	Temp_Получатели_Сообщения	8
dbo	temp2019134584	7
dbo	TempFinanseTbl	0
dbo	TempGTDDouble	0
dbo	TempGTDDouble1	0
dbo	TempTableBalance	0
dbo	TempUserFieldTable1	0
dbo	TempUserFieldTable10	0
dbo	TempUserFieldTable11	0
dbo	TempUserFieldTable12	0
dbo	TempUserFieldTable13	0
dbo	TempUserFieldTable14	0
dbo	TempUserFieldTable15	0
dbo	TempUserFieldTable17	0
dbo	TempUserFieldTable18	0
dbo	TempUserFieldTable19	0
dbo	TempUserFieldTable2	0
dbo	TempUserFieldTable20	0
dbo	TempUserFieldTable21	0
dbo	TempUserFieldTable22	0
dbo	TempUserFieldTable24	0
dbo	TempUserFieldTable25	0
dbo	TempUserFieldTable26	0
dbo	TempUserFieldTable27	0
dbo	TempUserFieldTable29	0
dbo	TempUserFieldTable3	0
dbo	TempUserFieldTable31	0
dbo	TempUserFieldTable32	0
dbo	TempUserFieldTable33	0
dbo	TempUserFieldTable34	0
dbo	TempUserFieldTable35	0
dbo	TempUserFieldTable4	0
dbo	TempUserFieldTable46	0
dbo	TempUserFieldTable47	0
dbo	TempUserFieldTable48	0
dbo	TempUserFieldTable5	8
dbo	TempUserFieldTable53	0
dbo	TempUserFieldTable54	0
dbo	TempUserFieldTable55	0
dbo	TempUserFieldTable56	0
dbo	TempUserFieldTable58	0
dbo	TempUserFieldTable59	0
dbo	TempUserFieldTable6	0
dbo	TempUserFieldTable60	0
dbo	TempUserFieldTable61	0
dbo	TempUserFieldTable62	0
dbo	TempUserFieldTable63	0
dbo	TempUserFieldTable64	0
dbo	TempUserFieldTable65	0
dbo	TempUserFieldTable66	0
dbo	TempUserFieldTable67	0
dbo	TempUserFieldTable68	0
dbo	TempUserFieldTable7	0
dbo	TempUserFieldTable70	0
dbo	TempUserFieldTable71	0
dbo	TempUserFieldTable72	0
dbo	TempUserFieldTable74	0
dbo	TempUserFieldTable75	0
dbo	TempUserFieldTable76	0
dbo	TempUserFieldTable77	0
dbo	TempUserFieldTable79	0
dbo	TempUserFieldTable8	0
dbo	TempUserFieldTable80	0
dbo	TempUserFieldTable81	0
dbo	TempUserFieldTable9	0
dbo	tempМ	4
dbo	tempНП	29
dbo	TG_UserLink	0
dbo	TraceLog	0
dbo	UN_Number	2762
dbo	UNLOCODE	0
dbo	UNLOCODERU	944
dbo	User_EDO	0
dbo	User_Filter	0
dbo	User_Function	0
dbo	User_Function_Menu	0
dbo	User_Function_Parameter	0
dbo	UserField	0
dbo	UserField_Exp	6
dbo	UserFieldType	16
dbo	UserFieldValue	0
dbo	UserLayout	7
dbo	Users	1
dbo	UserSettings	135
dbo	UserSettingsType	2
dbo	XLImort_OrdersSuppliers	0
dbo	XLImortPlaceCargo	675
dbo	XLImortTransport	0
dbo	XLImport_3th_Cargo	0
dbo	XLImport_3th_Header	0
dbo	XLImport_3th_VesselSchedule	0
dbo	XLImport_AutoData	0
dbo	XLImport_BGLCAccConf	0
dbo	XLImport_BillOfLading	0
dbo	XLImport_ConfFillShipBGLC	0
dbo	XLImport_Contragent	2
dbo	XLImport_Delivery_Period	0
dbo	XLImport_DistributionTUGoods	0
dbo	XLImport_DistrLocation	0
dbo	XLImport_Doc	0
dbo	XLImport_DPL	0
dbo	XLImport_ExportContPLP	0
dbo	XLImport_FuelTransOrder	0
dbo	XLImport_Goods	0
dbo	XLImport_GoodsNomin	0
dbo	XLImport_IntTrucking	0
dbo	XLImport_Laydown_area	0
dbo	XLImport_LinesScedule	0
dbo	XLImport_LoadingReq	0
dbo	XLImport_MatesReceipt	0
dbo	XLImport_MPL	0
dbo	XLImport_NotSOF	0
dbo	XLImport_NotSOF_Ship	0
dbo	XLImport_OrdersSuppliersRows	0
dbo	XLImport_OSV	0
dbo	XLImport_Persone	0
dbo	XLImport_Relations	0
dbo	XLImport_Req	0
dbo	XLImport_Route	0
dbo	XLImport_RoyStat	0
dbo	XLImport_RSN	0
dbo	XLImport_RZHD	0
dbo	XLImport_SalesPlan	0
dbo	XLImport_SIMatrix	0
dbo	XLImport_SOF	0
dbo	XLImport_Tally	0
dbo	XLImport_Tarifs	0
dbo	XLImport_TransportationSchemeExp	2
dbo	XLImport_TransportationSchemeImp	0
dbo	XLImport_TransQuotas	0
dbo	XLImport_UnLoadingReq	0
dbo	XLImport_Usluga	33
dbo	АвтоподпискаРолис	0
dbo	Адрес	1147
dbo	Аналитика	0
dbo	Банк	1161
dbo	БГ	0
dbo	БизнесПроцесс_Поля	0
dbo	БизнессПроцесс	0
dbo	БП_Автозапуск	2
dbo	БП_ВложенныйБП	2
dbo	БП_Выбор	0
dbo	БП_Выбор_Ветви	0
dbo	БП_Действие	0
dbo	БП_Действие_Критерий	2
dbo	БП_Действие_Персоны	0
dbo	БП_Действие_Персоны_Поля	0
dbo	БП_Действие_Поля	0
dbo	БП_Дерево	0
dbo	БП_Обработка	0
dbo	БП_Обработка_Таймер	0
dbo	БП_Обработка_Тип	4
dbo	БП_ТипШага	10
dbo	БП_Уведомление	9
dbo	БП_Уведомление_Список	0
dbo	БП_Уведомление_Список_Группы	9
dbo	БП_Уведомление_Список_Поля	0
dbo	БП_Уведомление_Список_Портал	0
dbo	БП_Условие	0
dbo	БП_Условие_Тип	2
dbo	БП_Экземпляр	0
dbo	БП_Экземпляр_История	177
dbo	БП_Экземпляр_Поля	0
dbo	БП_Экземпляр_Состояние	0
dbo	БП_Экземпляр_Статус	0
dbo	Валюта	6
dbo	Вид_Аналитики	3
dbo	Вид_Груза_Тамож	365
dbo	Вид_Даты_ПланОплаты	2
dbo	Вид_ДатыРасчета	8
dbo	Вид_деятельности	4
dbo	Вид_Договора	3
dbo	Вид_Загрузки	2
dbo	Вид_Налога	4
dbo	Вид_Объема_Квот	5
dbo	Вид_Оплаты	3
dbo	Вид_Промышленности	7
dbo	Вид_пропорции	8
dbo	Вид_типа_пломбы	4
dbo	Вид_товара	0
dbo	Вид_Учета	2
dbo	ВидДоставки	5
dbo	ВидЗависимостиРазнарядка	4
dbo	Виды_ГСМ	0
dbo	Виды_Перемещений	5
dbo	ВоронкаПродаж	7
dbo	ВременнаяPivot	0
dbo	ГНГ	9301
dbo	График_оплаты_счетов	2
dbo	Груз_Даты_План_Факт	0
dbo	Груз_Запрос_Клиента	0
dbo	Груз_ЗаявкаНаГруз	0
dbo	Груз_Инвойс	0
dbo	Груз_Поля_RO	34
dbo	Груз_Проблема	0
dbo	Груз_Релиз	0
dbo	Груз_Товар	0
dbo	Груз_Упаковочный	0
dbo	Грузы_Суммы_ГТД	0
dbo	Группы_Счетов	4
dbo	ГТД_Груз	0
dbo	ГТД_Груз_Товар	0
dbo	ГТД_Контейнеры	0
dbo	ГТД_МерыКонтроля	0
dbo	Дата_ГТД	2
dbo	ДатыРасчета	22
dbo	Декларация	0
dbo	Декларация_ДопПоля	0
dbo	Декларация_Контейнер	0
dbo	Декларация_Контейнер_Доп	0
dbo	Декларация_Суммы	0
dbo	Длительность	25
dbo	Документ	0
dbo	Документ_ДопСоглашение	0
dbo	Документ_Коносамента	4
dbo	Документ_Услуги	0
dbo	Документ_Файл	0
dbo	Документ_Файл_Скачано	0
dbo	Документ_Файл_Удаление	0
dbo	ДокументыПоДТ	35
dbo	Должность	14
dbo	ДополнительноеПоле	0
dbo	ДопПоле	0
dbo	ДопПоле_Значение	0
dbo	Ед_Изм_Объема	3
dbo	Единица_Измерения	20
dbo	ЕдиницаИзмеренияСУТ	2
dbo	ЕдиницаРасчета	8
dbo	ЕТСНГ	4675
dbo	ЖД_Накладная	0
dbo	ЖД_Накладная_Вагоны	0
dbo	ЖД_Накладная_Грузы	0
dbo	ЖД_Накладная_Контейнеры	0
dbo	ЖД_Накладная_Контрейлеры	0
dbo	ЖД_Накладная_Платежи	0
dbo	Задача	0
dbo	Задача_Важность	4
dbo	Задача_КА_Последняя	0
dbo	Задача_Персоны	0
dbo	Задача_Персоны_Поля	0
dbo	Задача_По_Запросу	0
dbo	Задача_Ресурсы	0
dbo	Задача_Статус	7
dbo	Заказ_Коносамент	0
dbo	Заказ_Поставщику	0
dbo	Заказ_Поставщику_Строка	0
dbo	Замена_Типа_Документа	5
dbo	Запрос_варианты	0
dbo	Запрос_варианты_БП	0
dbo	Запрос_варианты_ТипСервиса	0
dbo	Запрос_Клиента	0
dbo	Запрос_Клиента_ДопПоля	0
dbo	Запрос_Клиента_Оценки	0
dbo	Запрос_Клиента_Расчет	0
dbo	Запрос_Клиента_Слоты	0
dbo	Запрос_Клиента_Суммы	0
dbo	Запрос_Клиента_ТипСервиса	0
dbo	Запрос_План	0
dbo	Запрос_План_Грузы	0
dbo	Запрос_План_ДопПоля	0
dbo	Запрос_План_ЗависимостьСумм	0
dbo	Запрос_План_КатегорииОпераций	0
dbo	Запрос_План_Наблюдатели	0
dbo	Запрос_План_Перевозка	0
dbo	Запрос_План_Расходы	0
dbo	Запрос_План_Связи	0
dbo	Запрос_План_ТЕ	0
dbo	Запрос_План_Товары	0
dbo	Заявка_Досмотр	0
dbo	Заявка_Досмотр_Контейнер	0
dbo	Заявка_По_Грузам	0
dbo	ЗаявкаНаОплату	0
dbo	ЗаявкаНаОплату_Расчет	0
dbo	ЗаявкаНаПеревозку	0
dbo	ЗаявкаНаПеревозку_Контакты	0
dbo	ЗаявкаНаПеревозку_Расчет	0
dbo	ЗаявкаНаПеревозку_Рейс	0
dbo	ЗаявкаНаСтрахование	0
dbo	ЗаявкаНаСтрахование_Контейнер	0
dbo	ЗаявкаПЛП	0
dbo	ЗаявкаПЛП_Контейнер	0
dbo	ЗаявлениеОВыпускеДТ	0
dbo	Знаки_маркировки	64
dbo	Изготовитель_Документа	3
dbo	Импорт_Конфигурация	47
dbo	Импорт_Конфигурация_Параметры	3
dbo	Импорт_Конфигурация_Сопост	1106
dbo	Импорт_Лог	11
dbo	Импорт_Схема	23
dbo	Импорт_Схема_Сопост	138
dbo	Импорт_Схема_Шапка	0
dbo	Импорт_Файл	1
dbo	Инвойс	0
dbo	Инвойс_ГТД	0
dbo	История_Контейнер	0
dbo	Источник_Запроса	5
dbo	КатегорииОпераций	0
dbo	Категория_Платежа	4
dbo	Категория_счета	1
dbo	Категория_Товара	3
dbo	КатегорияСтраны	7
dbo	КвотыНаПеревозки	0
dbo	Класс_эмиссии	5
dbo	КлассОпасностиГруза	0
dbo	Код_Инкотермс	13
dbo	КодирующаяОрганизация	21
dbo	КодТНВЭД	0
dbo	Коды_операций	6
dbo	Конверсия	0
dbo	Коносамент	0
dbo	Коносамент_Груз	0
dbo	Коносамент_Рейс	0
dbo	Конт_ГТД_Документ	0
dbo	Контейнер	0
dbo	Контейнер_документ	0
dbo	Контейнер_Доп_Услуги	0
dbo	Контейнер_ДопПоля	0
dbo	Контейнер_ДопПоля_Статус	0
dbo	Контейнер_Досмотр	0
dbo	Контейнер_ЗаявкаНаПеревозку	0
dbo	Контейнер_ОсобоеУсловие	0
dbo	Контейнер_Расчет	0
dbo	Контейнер_Расчет_План	0
dbo	Контейнер_Расчет_Суммы	0
dbo	Контейнер_Суммы	0
dbo	Контейнер_Услуги_Счета	0
dbo	Контрагент	0
dbo	Контрагент_Адреса	0
dbo	Контрагент_ГруппыУслуг	0
dbo	Контрагент_Маршрут	0
dbo	Контрагент_Персоны	0
dbo	Контрагент_Плательщик	0
dbo	Контрагент_Получатель	0
dbo	Контрагент_Правило_Нумерации	0
dbo	Контрагент_ПредоставляемыйСервис	0
dbo	Контрагент_Средство_Связи	0
dbo	Контрагент_Тип	0
dbo	Контрагент_ТипРейса	0
dbo	Контрагент_ТребуемыйСервис	0
dbo	Контрагент_Услуги	0
dbo	Контрагент_УчетДепозитов	0
dbo	КонтрольныеДаты	2
dbo	КредитованиеПлатеж	0
dbo	Критерии_Оценки	2
dbo	Кросс_Курс_Валюты	18054
dbo	Курс_Валюты	3316
dbo	Логистические_направления	6
dbo	Маршрут	0
dbo	Маршрут_операция	0
dbo	Маршрутизация_разнарядок	76
dbo	Маршрутизация_разнарядок_БП	0
dbo	Маршрутизация_разнарядок_Набл	0
dbo	Маршрутизация_разнарядок_Парам	7220
dbo	Маршрутизация_разнарядок_ПФ	0
dbo	МатрицаСИ	0
dbo	МераКонтроля	1
dbo	Место_Забор_Доставка	0
dbo	Место_обработки_грузов	1404
dbo	Место_обработки_грузов_КА_Ист	0
dbo	Место_обработки_грузов_Контрагент	0
dbo	Место_обработки_грузов_Типы	0
dbo	Метод_Досмотра	5
dbo	МетодОпределенияТамСтоимости	7
dbo	Набор_Документов	0
dbo	НаименованиеГруза	0
dbo	НаименованиеГруза_UoM	0
dbo	Наличие_Документа	3
dbo	Направление_платежей	3
dbo	НаселенныйПункт	106425
dbo	Настройка	614
dbo	Настройка_ЖурналТД	0
dbo	Настройка_ОперативнаяТаблица	0
dbo	Настройка_ОТГ	0
dbo	Настройка_ОТГ_Аггрегация	4
dbo	Настройка_Трекинга	0
dbo	Номенклатурные_единицы_бух	0
dbo	Оборудование	8
dbo	Объект	521
dbo	Объект_Блокировка	0
dbo	Объект_Документ	0
dbo	Объект_ДопПоле	0
dbo	Объект_Значение	0
dbo	Объект_Комментарий	0
dbo	Объект_Контрагент	16
dbo	Объект_Наименование	1
dbo	Объект_Правило_Нумерации	0
dbo	Объект_Примечание	1
dbo	ОбъектАнгл	0
dbo	ОбъектНачисленияТарифа	22
dbo	ОбъектРасчетаТарифа	8
dbo	ОбъектФильтрации	103
dbo	Обязательные_Документы	0
dbo	Обязательные_Документы_Документы	0
dbo	Обязательные_Документы_НеЗав	2
dbo	ОператорЭДО	4
dbo	Операция_Рейса	18
dbo	ОплатыПоГТД	0
dbo	ОТГ_Статусы	0
dbo	Отгрузка	0
dbo	Отгрузка_ДопПоля_Отслеживание	0
dbo	ОтметкаРуководителя	2
dbo	Отсрочка_Дата	16
dbo	ОтчетныйПериод	0
dbo	Параметры_матрицыСИ	13
dbo	Перемещение	3
dbo	Переход	0
dbo	Переход_Собственности	2
dbo	Период_доставки	0
dbo	Периоды_УУ	0
dbo	Персона	1
dbo	Персона_Адреса	0
dbo	Персона_Замещает	0
dbo	Персона_Контрагент	0
dbo	Персона_Средство_Связи	0
dbo	Персона_ТипКонтрагента	0
dbo	Персона_Удостоверение_Личности	0
dbo	ПланПродаж	0
dbo	ПланыСчетовУчета	464
dbo	Платеж	0
dbo	Платеж_ЗаявкаНаОплату	0
dbo	Платеж1	0
dbo	Платежи_Из_БК	85
dbo	Платежи_Из_Экселя	0
dbo	Подразделения	4
dbo	Подтип_Рейса	7
dbo	Пол	2
dbo	ПолеИзРазнарядки	31
dbo	Получатель_Сообщения	0
dbo	ПоставщикиТендера	0
dbo	Потребность	0
dbo	Потребность_Строка	0
dbo	Потребность_Характеристики_Поля	541
dbo	ПотребностьСтрокаUoM	0
dbo	Пошлины_ГТД	0
dbo	Правила_премирования	0
dbo	Правило_Нумерации	50
dbo	Правило_Уведомления	122
dbo	Праздник	0
dbo	Предварительный_расчет	0
dbo	Предварительный_расчет_Товары	0
dbo	Предварительный_расчет_Услуги	0
dbo	Прейскурант	0
dbo	Премии_Штрафы	0
dbo	ПрефиксыСсылок	4
dbo	Признак_Выгрузки_1С	3
dbo	ПризнакКоррТамСтоимости	10
dbo	Примечание	0
dbo	Примечание_Прочитано	0
dbo	Примечание_Тип	2
dbo	Примечание_Файл	0
dbo	Примечание_Файл_Info	0
dbo	Примечания_ФиксированныеПользователи	0
dbo	Примечания_ФиксированныеУмолчания	1
dbo	Принадлежность_оборудования	0
dbo	Приоритет_Контрагента	4
dbo	Приоритет_Оплаты	0
dbo	Причина_Отказа	0
dbo	ПричинаЗамещения	2
dbo	Проект	0
dbo	Проект_Персоны	0
dbo	ПроектЗаказ	0
dbo	Профиль_Подписки	5
dbo	ПТиУ	0
dbo	Разнарядка_Местоположение	0
dbo	Разнарядка_Параметры	111
dbo	Разнарядка_Параметры_Значения	2
dbo	Разнарядки_исключения_из_маржи	0
dbo	Разноска_Платежей	0
dbo	РасписаниеЛиний	0
dbo	Распределения	0
dbo	Расчет_ТП	0
dbo	Расчет_ТП_Строка	0
dbo	РасчетныйСчет	0
dbo	Регион	4709
dbo	Реестры_подтверждения_НДС0	0
dbo	Реестры_подтверждения_НДС0_Строки	0
dbo	Режим_Отправки	7
dbo	РежимДТ	2
dbo	РежимДТ2	26
dbo	Рейс	0
dbo	Рейс_Груз	0
dbo	Рейс_Операции_Грузы	0
dbo	Рейс_Операция	0
dbo	Релиз	0
dbo	Ресурсы	0
dbo	РешениеПоТамСтоимости	3
dbo	Род_Склонения	3
dbo	Ройстат	0
dbo	Роль_Для_Премирования	5
dbo	Роль_Контрагента	8
dbo	РС_ОтложенныйПлатеж	0
dbo	Свойство_Груза	16
dbo	Сервис_Слежения	1
dbo	Серия_номенклатуры	0
dbo	Серия_Номенклатуры_ДопПоля	0
dbo	СертификатVGM	0
dbo	СимволыДляУдаления	28
dbo	Событие	6198
dbo	Событие_История	8
dbo	Событие_Поля	1496
dbo	Событие_Релиза	3
dbo	СообшенияВСессииED	0
dbo	Сообщение	0
dbo	Сообщения_TG	0
dbo	Сообщения_Почты	0
dbo	Сообщения_Почты_Контакты	0
dbo	Сообщения_Почты_Объект	0
dbo	Сообщения_Почты_Прочитано	0
dbo	Сообщения_Почты_Файлы	0
dbo	СоставКонтейнера	0
dbo	СоставКонтейнера_Грузы	0
dbo	СпецСимволы	29
dbo	Спецтехника	0
dbo	Список_Подписки	0
dbo	Список_Подписки_Группы	0
dbo	Список_Подписки_Портал	0
dbo	СписокЛинийWeb	281
dbo	Способ_Разноски	4
dbo	СредстваСлежения	0
dbo	СредстваСлежения_Активность	2
dbo	Средство_Связи	13
dbo	Статус_Выгрузки_ДТ	3
dbo	Статус_ДатыГотовности	3
dbo	Статус_Запроса	7
dbo	Статус_Запроса_Картинка	7
dbo	Статус_исполнения_документа	9
dbo	Статус_КомплектаДок	3
dbo	Статус_КомПредл	7
dbo	Статус_Конверсии	4
dbo	Статус_Контрагента	8
dbo	Статус_Обработки_Слежения	4
dbo	Статус_Отгрузки	3
dbo	Статус_перевозки_ТО	30
dbo	Статус_Потребности	4
dbo	Статус_ПредРасчета	3
dbo	Статус_ПТиУ	6
dbo	Статус_Разнарядки	3
dbo	Статус_Распределения	4
dbo	Статус_Расчет_ТП	3
dbo	Статус_РД	11
dbo	Статус_Рейса	8
dbo	Статус_РО	5
dbo	Статус_Слежения	0
dbo	СтатусОтправкиРелиза	5
dbo	СтатусРелиза	3
dbo	Статусы_Груза	0
dbo	Статусы_ЭД	0
dbo	Статьи_ДДС	0
dbo	Статьи_оборотов	0
dbo	Сток	0
dbo	Страна	253
dbo	Страна_Коды	248
dbo	Страна_Флаги	459
dbo	Счет	0
dbo	Счет_ЗаявкаНаОплату	0
dbo	Счет_ПТиУ	0
dbo	Таблица_обновленных_грузов	0
dbo	Таблица_обновленных_грузов_310	0
dbo	Таблица_обновленных_грузов_Temp	0
dbo	Таможенная_мера	2
dbo	ТаможеннаяАналитика	0
dbo	Таможенные_управления	0
dbo	ТаможенныеЛьготы	2
dbo	ТаможенныеПреференции	0
dbo	Тариф_ЗаявкаНаПеревозку	0
dbo	Тариф_Разнарядка	0
dbo	ТарифноеСоглашение	0
dbo	Тарифы	0
dbo	Температурный_Тип_Контейнера	0
dbo	Тип_CMR	2
dbo	Тип_Адреса	6
dbo	Тип_Выставления_Услуги	2
dbo	Тип_Груза	2
dbo	Тип_грузовой_партии	5
dbo	Тип_Документ_контейнера	0
dbo	Тип_Документа	444
dbo	Тип_Документа_ГТД	2
dbo	Тип_Документа_Коносамента	2
dbo	Тип_Досмотра	0
dbo	Тип_ДТ	7
dbo	Тип_Задачи	4
dbo	Тип_Задачи_По_Запросу	3
dbo	Тип_ЗаявкиПоГрузам	0
dbo	Тип_Значений_ДопПоле	7
dbo	Тип_Инвойса	0
dbo	Тип_Контейнера	15
dbo	Тип_Контрагента	13
dbo	Тип_коррекции	2
dbo	Тип_КурсовойРазницы	3
dbo	Тип_места_обработки	30
dbo	Тип_Населенного_Пункта	4
dbo	Тип_ном_единицы_избранное	0
dbo	Тип_ном_единицы_парам	42
dbo	Тип_номенклатурной_единицы	47
dbo	Тип_Операции_ВЭД	6
dbo	Тип_перевозки	0
dbo	Тип_Плат_Документа	4
dbo	Тип_Пломбы	0
dbo	Тип_Прих_Док	5
dbo	Тип_Проблемы	5
dbo	Тип_Проверки	3
dbo	Тип_разнарядки	2
dbo	Тип_Расчета	2
dbo	Тип_Расчетного_Счета	7
dbo	Тип_Рейса	4
dbo	Тип_Релиза	12
dbo	Тип_Сделки	0
dbo	Тип_Сервиса_Запроса	19
dbo	Тип_события	6
dbo	Тип_Сообщения	0
dbo	Тип_ТС	0
dbo	Тип_Уведомления	3
dbo	Тип_Удостоверения_Личности	6
dbo	Тип_Упаковки_контейнера	14
dbo	Тип_центра_учета_денег	3
dbo	Тип_ЮрЛица	0
dbo	ТипГрузаПоЗаказу	2
dbo	ТипДокумента_Права	0
dbo	ТипИсходногоДокумента	7
dbo	ТипПлатежа	3
dbo	Типы_глобального_кода	8
dbo	Типы_договора	0
dbo	ТипыКНД_РеестрНДС0	4
dbo	ТипыНоменклатурыДляСворачивания	4
dbo	Товар	0
dbo	Товар_Инвойс	0
dbo	Товар_ПоУпаковочному	3
dbo	Товар_Упаковочный	0
dbo	Товарная_Группа	0
dbo	Товарная_Группа_Логистика	0
dbo	Товарное_направление	0
dbo	Товарное_направление_Закупки	0
dbo	ТранзитноеВремяВПорту	5
dbo	ТранзитноеВремяИзПорта	0
dbo	Транспортное_Средство	0
dbo	ТранспортныеЕдиницы	0
dbo	Уведомления_Запросы	1110
dbo	Уведомления_ТипЗапроса	3
dbo	Удостоверение_Личности	0
dbo	Упаковка	0
dbo	Упаковочный_ГТД	0
dbo	Упаковочный_Лист	0
dbo	Условие_Доставки	5
dbo	Условие_оплаты_фрахта	4
dbo	Условие_Расчета	0
dbo	Условие_Страхования	0
dbo	Условия_По_Договору	0
dbo	ФункцияНП	6
dbo	Центр_Учета_Денег	0
dbo	ЦФО	0
dbo	ЦФО_Номенклатура	0
dbo	ЦФО_Спецификация	0
dbo	Шаблоны_Примечаний	0
dbo	Штаты	72
dbo	ЭДО	0
dbo	ЭДО_Действие	9
dbo	ЭДО_Каталог	0
dbo	ЭДО_Направление	3
dbo	ЭДО_Сервис	4
dbo	ЭДО_СтатусИмпорта	4
dbo	ЭДО_ТипДокумента	26
dbo	Экран_Распределения	0
dbo	Экспорт_Конфигурация	0
srv	ListDefragIndex	31

(обработано строк: 794)
